pdb_chains,num_chain,biounit_chain,chain.mut,ddg,PABbind,fold
1A22_AB,2,AB,A.E174A,-0.925000012,2.869473696,1
1A22_AB,2,AB,B.V371A,-0.616999984,0.265622586,1
1A22_AB,2,AB,A.Q29A,-0.588999987,0.163585618,1
1A22_AB,2,AB,B.S299A,-0.507000029,0.390953511,1
1A22_AB,2,AB,A.H18A,-0.486000001,-0.827991605,1
1A22_AB,2,AB,A.E65A,-0.47299999,0.076736629,1
1A22_AB,2,AB,A.F25A,-0.446999997,0.458476335,1
1A22_AB,2,AB,B.Q278A,-0.411000013,-0.258404374,1
1A22_AB,2,AB,A.R64K,-0.31400001,0.192410812,1
1A22_AB,2,AB,B.N297A,-0.254999995,0.034023833,1
1A22_AB,2,AB,A.Q22A,-0.219999999,-0.384474546,1
1A22_AB,2,AB,A.D26A,-0.210999995,0.242909253,1
1A22_AB,2,AB,A.S188A,-0.206,0.285046816,1
1A22_AB,2,AB,A.L73A,-0.206,0.128066018,1
1A22_AB,2,AB,B.R413A,-0.191,0.680365264,1
1A22_AB,2,AB,B.E320A,-0.181999996,0.136213139,1
1A22_AB,2,AB,B.S302A,-0.181999996,0.336955607,1
1A22_AB,2,AB,A.K168A,-0.155000001,0.315816015,1
1A22_AB,2,AB,B.E275A,-0.093999997,-0.239666268,1
1A22_AB,2,AB,B.T395A,-0.093999997,0.104822487,1
1A22_AB,2,AB,B.E375A,-0.079000004,-0.00434019,1
1A22_AB,2,AB,B.E279A,-0.079000004,0.133155704,1
1A22_AB,2,AB,B.E407A,-0.079000004,0.115983024,1
1A22_AB,2,AB,B.E409A,-0.061999999,-1.378281236,1
1A22_AB,2,AB,A.S184A,-0.055,0.393497109,1
1A22_AB,2,AB,A.Q69A,-0.055,0.22185798,1
1A22_AB,2,AB,B.S298A,-0.055,0.475545496,1
1A22_AB,2,AB,A.P2A,-0.055,-0.011016281,1
1A22_AB,2,AB,A.T3A,-0.055,0.652193427,1
1A22_AB,2,AB,B.V329A,-0.046,0.438777566,1
1A22_AB,2,AB,B.D405A,-0.046,-0.276174694,1
1A22_AB,2,AB,A.L9A,-0.035999998,-0.064283594,1
1A22_AB,2,AB,B.Q330A,-0.029999999,0.244221389,1
1A22_AB,2,AB,B.K367A,-0.017999999,0.187505588,1
1A22_AB,2,AB,B.W280A,-0.017999999,0.232577339,1
1A22_AB,2,AB,B.S247A,-0.015,0.473397434,1
1A22_AB,2,AB,B.F300A,-0.015,0.356220871,1
1A22_AB,2,AB,A.E186A,-0.012,0.077422783,1
1A22_AB,2,AB,B.C322A,0,-0.731906235,1
1A22_AB,2,AB,A.V180A,0,-0.336829513,1
1A22_AB,2,AB,B.C308A,0,-1.086553574,1
1A22_AB,2,AB,B.Q274A,0,-0.371014327,1
1A22_AB,2,AB,B.K379A,0,-0.59504509,1
1A22_AB,2,AB,A.M14A,0,-0.590547562,1
1A22_AB,2,AB,B.Q366A,0.017000001,0.027485173,1
1A22_AB,2,AB,B.S419A,0.034000002,0.438965827,1
1A22_AB,2,AB,B.K310A,0.043000001,0.393541127,1
1A22_AB,2,AB,B.F296S,0.050000001,0.772297144,1
1A22_AB,2,AB,A.R19A,0.050000001,1.218895078,1
1A22_AB,2,AB,B.R411A,0.056000002,0.013929275,1
1A22_AB,2,AB,B.T251A,0.07,0.16614686,1
1A22_AB,2,AB,B.K321A,0.081,0.496354461,1
1A22_AB,2,AB,B.E373A,0.082999997,-0.134765908,1
1A22_AB,2,AB,A.N12A,0.096000001,0.276372105,1
1A22_AB,2,AB,A.Q46A,0.108000003,-0.865371346,1
1A22_AB,2,AB,B.E424A,0.108000003,-1.224635243,1
1A22_AB,2,AB,B.T273A,0.111000001,0.266691983,1
1A22_AB,2,AB,A.S55A,0.111000001,0.182817981,1
1A22_AB,2,AB,B.K281A,0.143999994,0.07925766,1
1A22_AB,2,AB,A.L15A,0.152999997,0.423731357,1
1A22_AB,2,AB,A.S62A,0.155000001,0.287831932,1
1A22_AB,2,AB,A.H21A,0.155000001,0.125969484,1
1A22_AB,2,AB,B.E291A,0.178000003,0.206209168,1
1A22_AB,2,AB,B.E242A,0.179000005,0.339940399,1
1A22_AB,2,AB,A.F191A,0.192000002,-1.262034297,1
1A22_AB,2,AB,B.E380A,0.199000001,-0.213060543,1
1A22_AB,2,AB,B.K406A,0.199000001,-0.114769876,1
1A22_AB,2,AB,B.Y295A,0.199000001,0.305986464,1
1A22_AB,2,AB,A.Y42A,0.199000001,0.233761951,1
1A22_AB,2,AB,B.T277A,0.203999996,-0.073889434,1
1A22_AB,2,AB,B.T394A,0.203999996,-0.107486106,1
1A22_AB,2,AB,A.S57A,0.203999996,-0.234486878,1
1A22_AB,2,AB,A.R8A,0.203999996,-0.285444945,1
1A22_AB,2,AB,B.K403A,0.239999995,-0.793459892,1
1A22_AB,2,AB,A.R16A,0.239999995,-0.149155468,1
1A22_AB,2,AB,B.P241A,0.25999999,0.001733586,1
1A22_AB,2,AB,B.R239A,0.268999994,0.913629413,1
1A22_AB,2,AB,B.S324A,0.273999989,0.35887748,1
1A22_AB,2,AB,A.Q181A,0.273999989,0.100274086,1
1A22_AB,2,AB,B.R417A,0.273999989,0.1937536,1
1A22_AB,2,AB,B.N272A,0.273999989,-0.210942328,1
1A22_AB,2,AB,A.R167A,0.277999997,-0.341041923,1
1A22_AB,2,AB,B.N418A,0.296000004,-0.406971574,1
1A22_AB,2,AB,A.N63A,0.31400001,0.193635851,1
1A22_AB,2,AB,A.I58L,0.316000015,0.457413405,1
1A22_AB,2,AB,A.S7A,0.345999986,0.326914817,1
1A22_AB,2,AB,A.G187A,0.345999986,0.055544078,1
1A22_AB,2,AB,A.Y164A,0.34799999,0.509506166,1
1A22_AB,2,AB,A.S51A,0.34799999,0.056443904,1
1A22_AB,2,AB,A.P59A,0.384000003,0.149815455,1
1A22_AB,2,AB,A.P48A,0.411000013,-0.181589454,1
1A22_AB,2,AB,A.S71A,0.411000013,0.034914628,1
1A22_AB,2,AB,A.I4A,0.411000013,-0.348938048,1
1A22_AB,2,AB,A.E56A,0.411000013,-0.645289123,1
1A22_AB,2,AB,A.F176A,0.411000013,-0.366251379,1
1A22_AB,2,AB,A.E66A,0.43599999,0.245081469,1
1A22_AB,2,AB,A.P5A,0.43599999,0.693973124,1
1A22_AB,2,AB,B.W276A,0.513999999,1.314621329,1
1A22_AB,2,AB,A.K70A,0.522000015,0.264159083,1
1A22_AB,2,AB,B.R243L,0.522000015,0.347621113,1
1A22_AB,2,AB,B.R271A,0.536000013,0.513256013,1
1A22_AB,2,AB,A.R183A,0.542999983,-0.230566874,1
1A22_AB,2,AB,A.Q68A,0.588,0.193404317,1
1A22_AB,2,AB,B.I328A,0.588,0.120611444,1
1A22_AB,2,AB,A.L6A,0.638999999,0.29129827,1
1A22_AB,2,AB,B.R270A,0.689999998,0.600735366,1
1A22_AB,2,AB,B.E282A,0.782999992,0.32442978,1
1A22_AB,2,AB,B.K415A,0.785000026,0.120416448,1
1A22_AB,2,AB,A.D171A,0.791000009,-0.413604498,1
1A22_AB,2,AB,A.I179A,0.805999994,-0.089084484,1
1A22_AB,2,AB,A.V185A,0.879000008,0.603681803,1
1A22_AB,2,AB,A.F54A,0.879000008,0.459404558,1
1A22_AB,2,AB,B.Q416A,0.890999973,-0.030776823,1
1A22_AB,2,AB,A.R178K,0.953999996,-0.019511722,1
1A22_AB,2,AB,B.E327A,0.971000016,-0.216892213,1
1A22_AB,2,AB,B.D326A,0.994000018,0.712561965,1
1A22_AB,2,AB,B.R243M,1,0.068399057,1
1A22_AB,2,AB,A.C182A,1.019000053,0.292451739,1
1A22_AB,2,AB,A.F10A,1.049999952,0.304390788,1
1A22_AB,2,AB,B.D332A,1.085999966,0.176964611,1
1A22_AB,2,AB,B.V325A,1.14199996,0.523303509,1
1A22_AB,2,AB,A.P61A,1.208999991,0.301164418,1
1A22_AB,2,AB,A.L45A,1.225000024,0.327940375,1
1A22_AB,2,AB,A.F176Y,1.269999981,-1.067662239,1
1A22_AB,2,AB,A.R178N,1.269999981,0.614314318,1
1A22_AB,2,AB,B.D364A,1.486999989,0.338894933,1
1A22_AB,2,AB,B.I303A,1.60800004,0.722372234,1
1A22_AB,2,AB,A.R64A,1.643000007,0.495343626,1
1A22_AB,2,AB,A.I58A,1.659999967,1.01305747,1
1A22_AB,2,AB,A.T175S,1.690999985,0.031551324,1
1A22_AB,2,AB,B.E244A,1.692999959,0.870008409,1
1A22_AB,2,AB,B.T301A,1.761999965,0.52894491,1
1A22_AB,2,AB,A.T175A,1.906999946,0.395256579,1
1A22_AB,2,AB,B.I305A,1.940999985,1.150401235,1
1A22_AB,2,AB,A.K172A,2.015000105,0.677078485,1
1A22_AB,2,AB,B.R243A,2.115999937,0.579941094,1
1A22_AB,2,AB,B.I365A,2.131000042,1.921133637,1
1A22_AB,2,AB,A.R178A,2.426000118,0.858697414,1
1A22_AB,2,AB,B.W304F,2.785000086,0.706691206,1
1A22_AB,2,AB,B.P306A,3.305999994,0.752270758,1
1A22_AB,2,AB,B.W369A,4.731999874,0.799721181,1
1A22_AB,2,AB,B.W304A,4.731999874,2.492899179,1
1A4Y_ABDE,4,ABDE,B.E108A,-0.323000014,-0.386802197,1
1A4Y_ABDE,4,ABDE,A.K320A,-0.310000002,-0.470438957,1
1A4Y_ABDE,4,ABDE,B.H13A,-0.296999991,-0.034383133,1
1A4Y_ABDE,4,ABDE,B.R70A,-0.231999993,0.277997732,1
1A4Y_ABDE,4,ABDE,A.R457A,-0.224000007,0.110052176,1
1A4Y_ABDE,4,ABDE,A.S289A,0.041999999,-0.684839666,1
1A4Y_ABDE,4,ABDE,A.E287A,0.101000004,0.147271767,1
1A4Y_ABDE,4,ABDE,A.W261A,0.101000004,0.498671085,1
1A4Y_ABDE,4,ABDE,B.N68A,0.118000001,-1.015491009,1
1A4Y_ABDE,4,ABDE,B.H84A,0.170000002,-0.207695723,1
1A4Y_ABDE,4,ABDE,A.E344A,0.179000005,0.490112215,1
1A4Y_ABDE,4,ABDE,B.R66A,0.202999994,0.373668402,1
1A4Y_ABDE,4,ABDE,B.W89A,0.239999995,-0.071488827,1
1A4Y_ABDE,4,ABDE,A.Y437F,0.245000005,0.613720298,1
1A4Y_ABDE,4,ABDE,B.R31A,0.250999987,0.24747096,1
1A4Y_ABDE,4,ABDE,B.Q12A,0.300000012,1.052182317,1
1A4Y_ABDE,4,ABDE,B.R33A,0.326999992,1.04733789,1
1A4Y_ABDE,4,ABDE,A.Y434F,0.558000028,0.360468239,1
1A4Y_ABDE,4,ABDE,B.H114A,0.657000005,0.386597186,1
1A4Y_ABDE,4,ABDE,A.I459A,0.67900002,-0.048473205,1
1A4Y_ABDE,4,ABDE,A.Y437A,0.836000025,0.645466387,1
1A4Y_ABDE,4,ABDE,A.E401A,0.884000003,0.298447371,1
1A4Y_ABDE,4,ABDE,B.H8A,0.903999984,-0.177198365,1
1A4Y_ABDE,4,ABDE,B.R32A,0.910000026,1.024739385,1
1A4Y_ABDE,4,ABDE,A.W375A,1.034999967,0.787297428,1
1A4Y_ABDE,4,ABDE,A.W263A,1.171000004,0.281453043,1
1A4Y_ABDE,4,ABDE,A.W318A,1.501000047,0.477972746,1
1A4Y_ABDE,4,ABDE,B.R5A,2.309000015,0.219811261,1
1A4Y_ABDE,4,ABDE,B.K40G,3.236999989,0.083089866,1
1A4Y_ABDE,4,ABDE,A.Y434A,3.262000084,6.304244041,1
1A4Y_ABDE,4,ABDE,A.D435A,3.486000061,2.815753222,1
1A4Y_ABDE,4,ABDE,B.K40Q,4.251999855,0.947688282,1
1ACB_EI,2,EI,I.L45I,4.289999962,4.795086384,1
1ACB_EI,2,EI,I.L45S,5.020999908,3.941560268,1
1ACB_EI,2,EI,I.L45G,6.118000031,6.016969681,1
1ACB_EI,2,EI,I.L45E,6.645999908,3.706537724,1
1ACB_EI,2,EI,I.L45D,6.867000103,6.383496284,1
1ACB_EI,2,EI,I.L45P,6.948999882,5.775919914,1
1AHW_ABCDEF,6,ABCDEF,C.Y157A,-1.889999986,1.162750602,1
1AHW_ABCDEF,6,ABCDEF,C.D178A,-0.485000014,0.610538244,1
1AHW_ABCDEF,6,ABCDEF,C.V198A,-0.31400001,0.265972346,1
1AHW_ABCDEF,6,ABCDEF,C.T167A,-0.074000001,-0.574585438,1
1AHW_ABCDEF,6,ABCDEF,C.L176A,0.986999989,0.443929106,1
1AHW_ABCDEF,6,ABCDEF,C.N199A,1.078999996,0.144418731,1
1AHW_ABCDEF,6,ABCDEF,C.T170A,1.105999947,0.49918443,1
1AHW_ABCDEF,6,ABCDEF,C.T197A,1.345999956,0.344976783,1
1AHW_ABCDEF,6,ABCDEF,C.Y156A,3.806999922,0.489303261,1
1AK4_AD,2,AD,D.I491V,0,-0.332553536,1
1AK4_AD,2,AD,D.I491A,0.239999995,-0.052444089,1
1AK4_AD,2,AD,D.A492V,0.358999997,-0.198203593,1
1AK4_AD,2,AD,D.A492G,0.58099997,-0.02694159,1
1AK4_AD,2,AD,D.P493A,0.683000028,0.548053086,1
1AK4_AD,2,AD,D.A488V,0.769999981,2.318132877,1
1AK4_AD,2,AD,D.H487Q,0.97299999,0.090208016,1
1AK4_AD,2,AD,D.V486A,0.991999984,0.651196539,1
1AK4_AD,2,AD,D.H487A,1.00999999,0.330073655,1
1AK4_AD,2,AD,D.P485A,1.085999966,0.330077142,1
1AK4_AD,2,AD,D.H487R,1.646000028,0.146636307,1
1AK4_AD,2,AD,D.G489A,2.076999903,0.35877648,1
1AK4_AD,2,AD,D.P490A,2.173000097,1.658774018,1
1AK4_AD,2,AD,D.A488G,2.654999971,0.434593469,1
1AK4_AD,2,AD,D.P490V,3.030999899,0.417424977,1
1AK4_AD,2,AD,D.G489V,3.030999899,0.198590979,1
1AO7_ABCDE,5,ABCDE,E.R102P,-1.942000031,0.34895575,1
1AO7_ABCDE,5,ABCDE,E.G101A,-1.090999961,0.446023226,1
1AO7_ABCDE,5,ABCDE,D.D26W,-1.080000043,-0.389414459,1
1AO7_ABCDE,5,ABCDE,D.G28T,-0.759000003,0.630594909,1
1AO7_ABCDE,5,ABCDE,A.E58A,-0.720000029,-1.072012186,1
1AO7_ABCDE,5,ABCDE,A.V67A,-0.558000028,-0.019886333,1
1AO7_ABCDE,5,ABCDE,D.G28M,-0.518999994,0.193628103,1
1AO7_ABCDE,5,ABCDE,D.S100T,-0.493000001,-1.097758293,1
1AO7_ABCDE,5,ABCDE,D.S100A,-0.474999994,0.025923913,1
1AO7_ABCDE,5,ABCDE,D.G28L,-0.467000008,0.24735488,1
1AO7_ABCDE,5,ABCDE,D.S51M,-0.377999991,0.081623279,1
1AO7_ABCDE,5,ABCDE,E.G100S,-0.340999991,0.382549047,1
1AO7_ABCDE,5,ABCDE,E.A52P,-0.326000005,0.29303813,1
1AO7_ABCDE,5,ABCDE,E.A99M,-0.308999985,0.150933027,1
1AO7_ABCDE,5,ABCDE,A.H151A,-0.303000003,0.24619633,1
1AO7_ABCDE,5,ABCDE,D.G28I,-0.280000001,-0.174719587,1
1AO7_ABCDE,5,ABCDE,D.K103P,-0.268000007,0.322581649,1
1AO7_ABCDE,5,ABCDE,A.R170A,-0.263999999,-0.239970952,1
1AO7_ABCDE,5,ABCDE,D.R27F,-0.199000001,0.0040841,1
1AO7_ABCDE,5,ABCDE,A.V152A,-0.194000006,0.6558429,1
1AO7_ABCDE,5,ABCDE,D.Q30V,-0.166999996,1.009660363,1
1AO7_ABCDE,5,ABCDE,A.A149G,-0.153999999,0.397523135,1
1AO7_ABCDE,5,ABCDE,C.Y5F,-0.125,-1.058538675,1
1AO7_ABCDE,5,ABCDE,A.T64A,-0.075999998,0.705032647,1
1AO7_ABCDE,5,ABCDE,A.Q43A,0.028999999,0.670579255,1
1AO7_ABCDE,5,ABCDE,E.A99K,0.061999999,-0.059122086,1
1AO7_ABCDE,5,ABCDE,A.A150G,0.061999999,-0.207395673,1
1AO7_ABCDE,5,ABCDE,E.R102A,0.064999998,0.63913393,1
1AO7_ABCDE,5,ABCDE,A.T80A,0.075999998,0.248774931,1
1AO7_ABCDE,5,ABCDE,A.E63A,0.158999994,0.250148267,1
1AO7_ABCDE,5,ABCDE,A.K68A,0.194000006,0.164338991,1
1AO7_ABCDE,5,ABCDE,D.D26M,0.210999995,-0.181272,1
1AO7_ABCDE,5,ABCDE,D.S29A,0.303000003,0.213845521,1
1AO7_ABCDE,5,ABCDE,D.R27P,0.307999998,0.171791166,1
1AO7_ABCDE,5,ABCDE,A.A158G,0.312000006,0.045486823,1
1AO7_ABCDE,5,ABCDE,D.N52A,0.354999989,0.726336479,1
1AO7_ABCDE,5,ABCDE,A.Q72A,0.356999993,0.45312503,1
1AO7_ABCDE,5,ABCDE,A.E154A,0.361999989,0.649315178,1
1AO7_ABCDE,5,ABCDE,A.D61A,0.379999995,0.583411634,1
1AO7_ABCDE,5,ABCDE,D.Q30E,0.411000013,0.045629211,1
1AO7_ABCDE,5,ABCDE,E.R102Q,0.411000013,0.075033113,1
1AO7_ABCDE,5,ABCDE,A.Q155A,0.412,0.731591165,1
1AO7_ABCDE,5,ABCDE,E.G101P,0.449999988,-0.666157603,1
1AO7_ABCDE,5,ABCDE,E.R95A,0.453000009,0.172446564,1
1AO7_ABCDE,5,ABCDE,A.K146A,0.462000012,1.428943276,1
1AO7_ABCDE,5,ABCDE,A.T163A,0.488999993,0.244991109,1
1AO7_ABCDE,5,ABCDE,D.Y50A,0.497999996,0.121969923,1
1AO7_ABCDE,5,ABCDE,A.R75A,0.535000026,0.064405173,1
1AO7_ABCDE,5,ABCDE,D.G28A,0.542999983,-0.0557747,1
1AO7_ABCDE,5,ABCDE,D.G28V,0.542999983,0.033559691,1
1AO7_ABCDE,5,ABCDE,D.R27A,0.546999991,0.290614694,1
1AO7_ABCDE,5,ABCDE,A.V76A,0.597000003,0.600755692,1
1AO7_ABCDE,5,ABCDE,C.L1A,0.700999975,0.896317065,1
1AO7_ABCDE,5,ABCDE,D.Q30N,0.713,-0.2092648,1
1AO7_ABCDE,5,ABCDE,A.T73A,0.76700002,0.527667284,1
1AO7_ABCDE,5,ABCDE,D.D99A,0.779999971,1.963954329,1
1AO7_ABCDE,5,ABCDE,A.E55A,0.856000006,-0.177682593,1
1AO7_ABCDE,5,ABCDE,C.Y5W,0.888999999,1.293219328,1
1AO7_ABCDE,5,ABCDE,D.K68H,0.953999996,0.340619832,1
1AO7_ABCDE,5,ABCDE,D.T93A,0.958000004,0.726611078,1
1AO7_ABCDE,5,ABCDE,D.D26A,0.978999972,0.420238793,1
1AO7_ABCDE,5,ABCDE,A.A150P,1.003999949,0.386208594,1
1AO7_ABCDE,5,ABCDE,D.S31A,1.023000002,0.397333711,1
1AO7_ABCDE,5,ABCDE,E.P103A,1.149000049,0.868308425,1
1AO7_ABCDE,5,ABCDE,A.A69G,1.182000041,0.677963436,1
1AO7_ABCDE,5,ABCDE,A.W167A,1.200000048,0.768682659,1
1AO7_ABCDE,5,ABCDE,C.V7R,1.225000024,0.376404375,1
1AO7_ABCDE,5,ABCDE,D.K68A,1.292000055,0.436022818,1
1AO7_ABCDE,5,ABCDE,D.D26V,1.363999963,-0.203648314,1
1AO7_ABCDE,5,ABCDE,E.I54R,1.363999963,0.200217739,1
1AO7_ABCDE,5,ABCDE,C.Y5A,1.532999992,3.149393082,1
1AO7_ABCDE,5,ABCDE,A.H74A,1.603999972,0.244158477,1
1AO7_ABCDE,5,ABCDE,D.Q30L,1.833999991,0.331830978,1
1AO7_ABCDE,5,ABCDE,D.S100N,1.906999946,0.544138193,1
1AO7_ABCDE,5,ABCDE,D.T98A,1.947000027,2.295407295,1
1AO7_ABCDE,5,ABCDE,E.E30A,2.022000074,0.781015277,1
1AO7_ABCDE,5,ABCDE,D.W101A,2.223999977,1.073373079,1
1AO7_ABCDE,5,ABCDE,D.S100Y,2.318000078,0.228675291,1
1AO7_ABCDE,5,ABCDE,D.G28R,2.318000078,0.143817365,1
1AO7_ABCDE,5,ABCDE,D.D99N,2.460000038,0.759147942,1
1AO7_ABCDE,5,ABCDE,A.K66A,2.934999943,0.808289886,1
1AO7_ABCDE,5,ABCDE,A.H70A,3.155999899,0.85933888,1
1AO7_ABCDE,5,ABCDE,C.Y8A,3.167999983,2.094265938,1
1AO7_ABCDE,5,ABCDE,A.R65A,3.230000019,2.376332521,1
1AO7_ABCDE,5,ABCDE,A.Y159A,3.244999886,1.884330988,1
1AO7_ABCDE,5,ABCDE,A.E166A,3.867000103,0.345838368,1
1B2S_ABCDEF,2,AD,A.A27K,-3.865999937,-4.335800171,1
1B2S_ABCDEF,2,AD,D.A43T,-0.342999995,-0.311707884,1
1B2U_ABCDEF,2,AD,A.A27K,-5.046000004,-3.365767479,1
1B2U_ABCDEF,2,AD,D.A36D,-4.168000221,-0.487861782,1
1B3S_ABCDEF,2,AD,A.A102H,-5.68200016,-3.785870552,1
1B3S_ABCDEF,2,AD,D.F30Y,0.596000016,0.365432322,1
1B41_AB,2,AB,B.H29K,-0.888000011,0.253420323,1
1B41_AB,2,AB,B.H29R,-0.409000009,0.498551458,1
1B41_AB,2,AB,B.N47F,-0.142000005,0.073883019,1
1B41_AB,2,AB,B.N47R,-0.029999999,0.25801304,1
1B41_AB,2,AB,B.T9I,0.025,0.280650914,1
1B41_AB,2,AB,B.N47W,0.037,-0.006492792,1
1B41_AB,2,AB,B.K32R,0.391000003,0.031736266,1
1B41_AB,2,AB,B.R11K,0.625,0.860595763,1
1B41_AB,2,AB,B.A12S,0.707000017,0.747301757,1
1B41_AB,2,AB,B.M33Y,0.707000017,0.896189451,1
1B41_AB,2,AB,B.M33F,0.778999984,-0.085904837,1
1B41_AB,2,AB,B.T8V,1.136000037,0.547950983,1
1B41_AB,2,AB,B.V34T,1.213999987,1.172816753,1
1B41_AB,2,AB,B.L35W,1.304999948,0.40309608,1
1B41_AB,2,AB,B.R27M,1.483999968,1.932487488,1
1B41_AB,2,AB,B.M33Q,1.595999956,0.732203662,1
1B41_AB,2,AB,B.M33L,1.81099999,1.152111888,1
1B41_AB,2,AB,B.R27F,2.10800004,1.554784179,1
1B41_AB,2,AB,B.R27Y,2.397000074,2.249103785,1
1B41_AB,2,AB,B.T9N,3.611000061,1.455849767,1
1BD2_ABCDE,5,ABCDE,E.Y104A,0.216999993,0.185110047,1
1BD2_ABCDE,5,ABCDE,C.Y5F,0.734000027,-0.305259883,1
1BD2_ABCDE,5,ABCDE,D.E94A,1.315999985,0.546345592,1
1BD2_ABCDE,5,ABCDE,D.D30N,1.91900003,-0.056487061,1
1BD2_ABCDE,5,ABCDE,C.Y5W,1.92900002,0.628873825,1
1BD2_ABCDE,5,ABCDE,A.R65A,2.499000072,0.832062781,1
1BD2_ABCDE,5,ABCDE,C.Y8A,2.75999999,2.77147603,1
1BD2_ABCDE,5,ABCDE,E.E30A,2.835000038,2.039694071,1
1BD2_ABCDE,5,ABCDE,C.Y5A,3.407999992,2.424742699,1
1BJ1_HLVW,6,HJKLVW,H.H101Y,-1.583999991,0.352085978,1
1BJ1_HLVW,6,HJKLVW,H.N31H,-0.763000011,0.135351822,1
1BJ1_HLVW,6,HJKLVW,H.S105T,-0.391000003,0.35659942,1
1BJ1_HLVW,6,HJKLVW,H.T28D,-0.219999999,0.368597478,1
1BJ1_HLVW,6,HJKLVW,H.Y54W,-0.136999995,0.319239169,1
1BJ1_HLVW,6,HJKLVW,H.H107A,0.790000021,0.876230597,1
1BJ1_HLVW,6,HJKLVW,H.T59A,0.851000011,0.374689519,1
1BJ1_HLVW,6,HJKLVW,H.Y54A,1.327999949,0.461858362,1
1BJ1_HLVW,6,HJKLVW,H.Y27A,2.243999958,0.708150148,1
1BJ1_HLVW,6,HJKLVW,H.Y99A,4.440999985,1.114734292,1
1BP3_AB,2,AB,A.V180A,-0.296999991,1.194257379,1
1BP3_AB,2,AB,A.S188A,-0.296999991,0.97334075,1
1BP3_AB,2,AB,A.N12A,-0.296999991,0.393676698,1
1BP3_AB,2,AB,A.Q69A,-0.214000002,0.327153653,1
1BP3_AB,2,AB,A.I179M,-0.164000005,0.421064138,1
1BP3_AB,2,AB,A.S184A,-0.119000003,0.307701617,1
1BP3_AB,2,AB,A.E56A,-0.119000003,0.299481302,1
1BP3_AB,2,AB,A.E186A,0,-0.273705631,1
1BP3_AB,2,AB,A.R19A,0,-0.025096124,1
1BP3_AB,2,AB,A.Q181A,0,-0.100336835,1
1BP3_AB,2,AB,A.G187A,0,-0.21090056,1
1BP3_AB,2,AB,A.L15A,0,-0.107263759,1
1BP3_AB,2,AB,A.F10A,0,-0.271899641,1
1BP3_AB,2,AB,A.R16A,0,-0.036367357,1
1BP3_AB,2,AB,A.S57A,0.035,-1.855543256,1
1BP3_AB,2,AB,A.D171A,0.068000004,0.317587763,1
1BP3_AB,2,AB,A.E66A,0.068000004,1.133631587,1
1BP3_AB,2,AB,A.Q68A,0.114,-0.298814476,1
1BP3_AB,2,AB,A.P59A,0.157000005,0.135078192,1
1BP3_AB,2,AB,A.Y160A,0.209999993,0.295442283,1
1BP3_AB,2,AB,A.F54A,0.209999993,0.215729102,1
1BP3_AB,2,AB,A.S55A,0.246000007,0.092913754,1
1BP3_AB,2,AB,A.K70A,0.246000007,-0.005249804,1
1BP3_AB,2,AB,A.V185A,0.280999988,0.550218165,1
1BP3_AB,2,AB,A.L73A,0.354000002,0.534947038,1
1BP3_AB,2,AB,A.R64A,0.354000002,2.092343807,1
1BP3_AB,2,AB,A.I179A,0.354000002,0.487152368,1
1BP3_AB,2,AB,A.D26E,0.382999986,0.154887885,1
1BP3_AB,2,AB,A.Y164A,0.44600001,2.327722549,1
1BP3_AB,2,AB,A.T175S,0.493999988,1.815038323,1
1BP3_AB,2,AB,A.E65A,0.546000004,0.119529814,1
1BP3_AB,2,AB,A.R183A,0.566999972,1.379510522,1
1BP3_AB,2,AB,A.S71A,0.614000022,0.104372434,1
1BP3_AB,2,AB,A.N63A,0.856000006,-0.010143965,1
1BP3_AB,2,AB,A.F25A,1.149999976,0.895577431,1
1BP3_AB,2,AB,A.R178A,1.149999976,2.363106251,1
1BP3_AB,2,AB,A.S62A,1.416000009,-0.047305755,1
1BP3_AB,2,AB,A.K168A,1.728000045,0.578475475,1
1BP3_AB,2,AB,A.I58A,1.728999972,-0.827446938,1
1BP3_AB,2,AB,A.F176A,1.911000013,0.4581424,1
1BP3_AB,2,AB,A.H21A,2.671999931,0.195824325,1
1BP3_AB,2,AB,A.H18A,2.911999941,0.306985378,1
1BP3_AB,2,AB,A.K172A,3.190999985,1.024151444,1
1BP3_AB,2,AB,A.E174A,3.493000031,0.647482514,1
1BP3_AB,2,AB,A.R167A,3.927999973,3.257396221,1
1BRS_ABCDEF,2,AD,A.D54A,-0.888999999,1.666707993,1
1BRS_ABCDEF,2,AD,A.E60A,-0.326000005,0.30203408,1
1BRS_ABCDEF,2,AD,D.Y29F,-0.131999999,-0.814993262,2
1BRS_ABCDEF,2,AD,D.W44F,0.056000002,0.245326206,2
1BRS_ABCDEF,2,AD,D.E80A,0.542999983,0.336129457,1
1BRS_ABCDEF,2,AD,D.E76A,1.363999963,0.206246763,1
1BRS_ABCDEF,2,AD,A.W35F,1.407999992,1.449515343,2
1BRS_ABCDEF,2,AD,A.E73Q,1.452000022,0.465949178,1
1BRS_ABCDEF,2,AD,D.W38F,1.643000007,0.669960618,2
1BRS_ABCDEF,2,AD,A.E73W,1.656999946,0.745964468,1
1BRS_ABCDEF,2,AD,D.T42A,1.85800004,1.480613589,2
1BRS_ABCDEF,2,AD,A.E73F,2.234999895,2.022364616,1
1BRS_ABCDEF,2,AD,A.E73A,2.34800005,2.497166395,1
1BRS_ABCDEF,2,AD,A.E73Y,2.414000034,0.547120214,1
1BRS_ABCDEF,2,AD,A.R59K,2.487999916,-0.264539272,2
1BRS_ABCDEF,2,AD,A.E73C,2.529000044,2.890348196,1
1BRS_ABCDEF,2,AD,A.E73S,3.00999999,1.719129443,1
1BRS_ABCDEF,2,AD,A.N58A,3.065999985,0.096555822,2
1BRS_ABCDEF,2,AD,D.Y29A,3.470999956,2.655303955,2
1BRS_ABCDEF,2,AD,D.D35A,4.502999783,1.404877782,1
1BRS_ABCDEF,2,AD,A.H102Q,4.551000118,5.471868515,2
1BRS_ABCDEF,2,AD,A.H102D,4.551000118,4.748963833,2
1BRS_ABCDEF,2,AD,A.R59A,5.244999886,2.537103653,2
1BRS_ABCDEF,2,AD,A.K27A,5.381000042,4.061663151,2
1BRS_ABCDEF,2,AD,A.R83Q,5.420000076,1.369154334,2
1BRS_ABCDEF,2,AD,A.R87A,5.565000057,5.431623936,2
1BRS_ABCDEF,2,AD,A.H102A,6.145999908,7.842149258,2
1BRS_ABCDEF,2,AD,A.H102G,6.821000099,0.200506926,2
1BRS_ABCDEF,2,AD,D.D39A,7.651000023,2.688559532,1
1BRS_ABCDEF,2,AD,A.H102L,7.665999889,4.369759083,2
1C1Y_AB,2,AB,A.K31E,-1.774999976,0.107444823,2
1C1Y_AB,2,AB,B.N64A,0.501999974,-0.278753549,2
1C1Y_AB,2,AB,B.K65M,0.713,0.217546761,2
1C1Y_AB,2,AB,B.K65E,0.890999973,1.394444823,2
1C1Y_AB,2,AB,B.K65A,1.108999968,0.284914732,2
1C1Y_AB,2,AB,B.V69A,1.123999953,-1.114341259,2
1C1Y_AB,2,AB,B.K84A,1.312999964,1.807791948,2
1C1Y_AB,2,AB,B.R67A,1.45599997,0.873244464,2
1C1Y_AB,2,AB,B.T68A,1.45599997,1.712440848,2
1C1Y_AB,2,AB,B.N64D,1.475999951,1.234402895,2
1C1Y_AB,2,AB,B.Q66A,1.58099997,0.373666048,2
1C1Y_AB,2,AB,B.R59A,1.906999946,0.841120481,2
1C1Y_AB,2,AB,B.K84E,2.23300004,0.845312059,2
1C1Y_AB,2,AB,B.R89L,2.619999886,2.225090504,2
1C1Y_AB,2,AB,A.D38A,2.619999886,-0.163431808,2
1C4Z_ABCD,4,ABCD,D.E93R,-1.003000021,-1.218775511,2
1C4Z_ABCD,4,ABCD,A.M670A,-0.573000014,-0.145792454,2
1C4Z_ABCD,4,ABCD,D.E93A,-0.435000002,-0.505382717,2
1C4Z_ABCD,4,ABCD,A.S660A,-0.411000013,-0.00075066,2
1C4Z_ABCD,4,ABCD,A.Q637A,-0.386999995,0.491792023,2
1C4Z_ABCD,4,ABCD,A.D641A,-0.386999995,0.286629021,2
1C4Z_ABCD,4,ABCD,D.L33A,-0.344000012,0.820773661,2
1C4Z_ABCD,4,ABCD,D.N31A,-0.178000003,0.101387881,2
1C4Z_ABCD,4,ABCD,A.T662A,-0.131999999,-0.511503398,2
1C4Z_ABCD,4,ABCD,A.I659A,-0.089000002,-0.474422604,2
1C4Z_ABCD,4,ABCD,D.R52A,-0.012,0.449301749,2
1C4Z_ABCD,4,ABCD,D.E60R,0.067000002,1.481165886,2
1C4Z_ABCD,4,ABCD,D.E60A,0.088,0.20126538,2
1C4Z_ABCD,4,ABCD,A.C820A,0.108000003,-0.080418646,2
1C4Z_ABCD,4,ABCD,A.D641K,0.208000004,-0.336587012,2
1C4Z_ABCD,4,ABCD,D.K64A,0.293000013,0.348347902,2
1C4Z_ABCD,4,ABCD,D.A98G,0.411000013,0.135136083,2
1C4Z_ABCD,4,ABCD,A.S638A,0.411000013,0.189136788,2
1C4Z_ABCD,4,ABCD,A.I655A,0.411000013,0.152277008,2
1C4Z_ABCD,4,ABCD,D.R6A,0.467000008,-0.572665691,2
1C4Z_ABCD,4,ABCD,A.D652A,0.518999994,0.650904477,2
1C4Z_ABCD,4,ABCD,D.R5A,0.518999994,0.662941575,2
1C4Z_ABCD,4,ABCD,A.V634A,0.565999985,0.567017853,2
1C4Z_ABCD,4,ABCD,D.A59G,0.565999985,0.198378608,2
1C4Z_ABCD,4,ABCD,D.S4A,0.565999985,0.360238791,2
1C4Z_ABCD,4,ABCD,A.T656A,0.565999985,0.454289347,2
1C4Z_ABCD,4,ABCD,D.K9A,0.610000014,0.464757025,2
1C4Z_ABCD,4,ABCD,D.K64E,0.725000024,0.506498098,2
1C4Z_ABCD,4,ABCD,A.M654A,0.759000003,0.178954974,2
1C4Z_ABCD,4,ABCD,A.Y694L,0.82099998,0.17209217,2
1C4Z_ABCD,4,ABCD,D.W95A,0.82099998,-1.672888994,2
1C4Z_ABCD,4,ABCD,D.P97A,0.850000024,0.764417946,2
1C4Z_ABCD,4,ABCD,A.L639A,0.999000013,0.333708733,2
1C4Z_ABCD,4,ABCD,D.K96A,1.136000037,0.905007839,2
1C4Z_ABCD,4,ABCD,D.K96E,1.169999957,0.751107872,2
1C4Z_ABCD,4,ABCD,D.R6E,1.18599999,0.107495628,2
1C4Z_ABCD,4,ABCD,A.L635A,1.217000008,0.542609155,2
1C4Z_ABCD,4,ABCD,A.Y645A,1.287999988,0.909535706,2
1C4Z_ABCD,4,ABCD,D.R5E,1.287999988,0.023367383,2
1C4Z_ABCD,4,ABCD,D.K100A,1.302000046,0.568551898,2
1C4Z_ABCD,4,ABCD,A.D652R,1.376000047,0.742065787,2
1C4Z_ABCD,4,ABCD,D.P62A,1.409999967,0.403032035,2
1C4Z_ABCD,4,ABCD,D.K100E,1.421000004,1.288341165,2
1C4Z_ABCD,4,ABCD,D.K9E,1.554999948,0.748325527,2
1C4Z_ABCD,4,ABCD,A.F690A,1.595999956,0.911736071,2
1C4Z_ABCD,4,ABCD,A.M653A,1.929999948,0.373375654,2
1C4Z_ABCD,4,ABCD,A.L642A,1.973999977,-0.161011353,2
1C4Z_ABCD,4,ABCD,D.F63A,3.013999939,0.843393683,2
1CBW_ABCDFGHI,4,FGHI,I.K15Y,-2.641000032,-0.995525956,2
1CBW_ABCDFGHI,4,FGHI,I.K15W,-2.460999966,-1.161447287,2
1CBW_ABCDFGHI,4,FGHI,I.K15F,-1.985000014,-0.475986391,2
1CBW_ABCDFGHI,4,FGHI,I.K15L,-1.597000003,-0.576318979,2
1CBW_ABCDFGHI,4,FGHI,I.K15M,-1.442000031,0.101776443,2
1CBW_ABCDFGHI,4,FGHI,I.K15R,-0.620000005,-0.611498713,2
1CBW_ABCDFGHI,4,FGHI,I.P13A,-0.100000001,0.479717046,2
1CBW_ABCDFGHI,4,FGHI,I.V34A,0,-0.015075736,2
1CBW_ABCDFGHI,4,FGHI,I.K46A,0.100000001,-0.00992378,2
1CBW_ABCDFGHI,4,FGHI,I.K15H,0.100000001,-0.19090125,2
1CBW_ABCDFGHI,4,FGHI,I.I19A,0.100000001,-0.806332588,2
1CBW_ABCDFGHI,4,FGHI,I.F33A,0.143000007,1.426985621,2
1CBW_ABCDFGHI,4,FGHI,I.T11A,0.200000003,0.264548987,2
1CBW_ABCDFGHI,4,FGHI,I.R39A,0.200000003,0.018818913,2
1CBW_ABCDFGHI,4,FGHI,I.R20A,0.300999999,1.447535753,2
1CBW_ABCDFGHI,4,FGHI,I.K15Q,0.308999985,-0.021838967,2
1CBW_ABCDFGHI,4,FGHI,I.R17A,0.500999987,1.396823287,2
1CBW_ABCDFGHI,4,FGHI,I.G12A,0.601999998,0.139690802,2
1CBW_ABCDFGHI,4,FGHI,I.G37A,0.800999999,0.261677444,2
1CBW_ABCDFGHI,4,FGHI,I.Y35A,0.800999999,0.346109182,2
1CBW_ABCDFGHI,4,FGHI,I.G36A,0.901000023,0.320620477,2
1CBW_ABCDFGHI,4,FGHI,I.K15N,1.338000059,1.931783676,2
1CBW_ABCDFGHI,4,FGHI,I.I18A,1.416000009,0.533310235,2
1CBW_ABCDFGHI,4,FGHI,I.K15A,2.002000093,1.064560294,2
1CBW_ABCDFGHI,4,FGHI,I.K15T,2.10800004,3.239272356,2
1CBW_ABCDFGHI,4,FGHI,I.K15V,2.157999992,0.763288021,2
1CBW_ABCDFGHI,4,FGHI,I.K15I,2.961999893,-0.056339636,2
1CBW_ABCDFGHI,4,FGHI,I.K15S,3.426000118,3.493258476,2
1CBW_ABCDFGHI,4,FGHI,I.K15E,3.907000065,2.656014681,2
1CBW_ABCDFGHI,4,FGHI,I.K15G,4.156000137,4.819883823,2
1CBW_ABCDFGHI,4,FGHI,I.K15D,5.270999908,3.545243025,2
1CHO_EFGI,4,EFGI,I.L18Y,-2.224999905,1.690706491,2
1CHO_EFGI,4,EFGI,I.A15W,-1.924999952,-0.822945058,2
1CHO_EFGI,4,EFGI,I.N36P,-1.833999991,-0.643483937,2
1CHO_EFGI,4,EFGI,I.L18W,-1.690999985,0.416386575,2
1CHO_EFGI,4,EFGI,I.L18F,-1.501999974,1.594069719,2
1CHO_EFGI,4,EFGI,I.N36S,-1.476999998,-0.373492539,2
1CHO_EFGI,4,EFGI,I.N36G,-1.394000053,0.024177751,2
1CHO_EFGI,4,EFGI,I.N36A,-1.363999963,-0.432111561,2
1CHO_EFGI,4,EFGI,I.N36T,-1.297999978,0.361171395,2
1CHO_EFGI,4,EFGI,I.G32A,-1.092000008,0.597195148,2
1CHO_EFGI,4,EFGI,I.N36D,-1.039999962,0.842675686,2
1CHO_EFGI,4,EFGI,I.P14C,-0.984000027,1.161216617,2
1CHO_EFGI,4,EFGI,I.G32H,-0.984000027,-0.003532367,2
1CHO_EFGI,4,EFGI,I.G32Y,-0.984000027,0.869756043,2
1CHO_EFGI,4,EFGI,I.A15Y,-0.875999987,-0.411738694,2
1CHO_EFGI,4,EFGI,I.P14D,-0.851000011,-0.861793458,2
1CHO_EFGI,4,EFGI,I.P14M,-0.828000009,-0.188726649,2
1CHO_EFGI,4,EFGI,I.P14N,-0.779999971,-0.188996047,2
1CHO_EFGI,4,EFGI,I.A15F,-0.735000014,-0.143657401,2
1CHO_EFGI,4,EFGI,I.N36H,-0.735000014,0.805073619,2
1CHO_EFGI,4,EFGI,I.P14Q,-0.727999985,-0.48566258,2
1CHO_EFGI,4,EFGI,I.P14E,-0.720000029,0.176587641,2
1CHO_EFGI,4,EFGI,I.K13Q,-0.573000014,0.280828059,2
1CHO_EFGI,4,EFGI,I.P14V,-0.550000012,0.205764949,2
1CHO_EFGI,4,EFGI,I.P14T,-0.550000012,-0.241000623,2
1CHO_EFGI,4,EFGI,I.P14L,-0.524999976,-0.013909139,2
1CHO_EFGI,4,EFGI,I.P14I,-0.510999978,0.194414556,2
1CHO_EFGI,4,EFGI,I.K13D,-0.510999978,-0.33535248,2
1CHO_EFGI,4,EFGI,I.P14S,-0.441000015,-0.649876535,2
1CHO_EFGI,4,EFGI,I.K13S,-0.426999986,-0.169187635,2
1CHO_EFGI,4,EFGI,I.P14Y,-0.395000011,-0.715123296,2
1CHO_EFGI,4,EFGI,I.K13R,-0.377999991,0.087457053,2
1CHO_EFGI,4,EFGI,I.K13N,-0.361000001,0.05679943,2
1CHO_EFGI,4,EFGI,I.A15C,-0.326999992,-1.020839334,2
1CHO_EFGI,4,EFGI,I.A15H,-0.326999992,-0.756193459,2
1CHO_EFGI,4,EFGI,I.P14F,-0.307999998,0.610817194,2
1CHO_EFGI,4,EFGI,I.A15N,-0.289000005,0.666155457,2
1CHO_EFGI,4,EFGI,I.P14W,-0.208000004,0.195408419,2
1CHO_EFGI,4,EFGI,I.N36M,-0.208000004,-0.614517629,2
1CHO_EFGI,4,EFGI,I.N36Q,-0.185000002,0.148170426,2
1CHO_EFGI,4,EFGI,I.G32S,-0.137999997,0.38588506,2
1CHO_EFGI,4,EFGI,I.P14H,-0.112999998,0.369326174,2
1CHO_EFGI,4,EFGI,I.N36C,-0.112999998,-0.774280846,2
1CHO_EFGI,4,EFGI,I.N36I,-0.029999999,0.308788866,2
1CHO_EFGI,4,EFGI,I.N28S,0,0.06209518,2
1CHO_EFGI,4,EFGI,I.A15D,0,0.021817584,2
1CHO_EFGI,4,EFGI,I.N36V,0.033,0.335724592,2
1CHO_EFGI,4,EFGI,I.A15S,0.066,0.573542893,2
1CHO_EFGI,4,EFGI,I.A15G,0.066,0.158735991,2
1CHO_EFGI,4,EFGI,I.G32F,0.101999998,0.10876134,2
1CHO_EFGI,4,EFGI,I.A15M,0.141000003,-0.048853103,2
1CHO_EFGI,4,EFGI,I.A15L,0.141000003,-0.470451713,2
1CHO_EFGI,4,EFGI,I.K13H,0.141000003,0.165303394,2
1CHO_EFGI,4,EFGI,I.Y20F,0.180999994,-0.250807554,2
1CHO_EFGI,4,EFGI,I.K13E,0.180999994,-0.27311945,2
1CHO_EFGI,4,EFGI,I.K13A,0.180999994,-0.59544301,2
1CHO_EFGI,4,EFGI,I.A15E,0.224999994,0.791701794,2
1CHO_EFGI,4,EFGI,I.G32P,0.324000001,-0.198820084,2
1CHO_EFGI,4,EFGI,I.K13L,0.381000012,-0.314728349,2
1CHO_EFGI,4,EFGI,I.K13T,0.381000012,-0.230503887,2
1CHO_EFGI,4,EFGI,I.P14A,0.381000012,0.315623581,2
1CHO_EFGI,4,EFGI,I.L18M,0.381000012,0.276680678,2
1CHO_EFGI,4,EFGI,I.P14K,0.386999995,-0.195628181,2
1CHO_EFGI,4,EFGI,I.Y20W,0.39199999,1.044364929,2
1CHO_EFGI,4,EFGI,I.P14R,0.398000002,0.04302581,2
1CHO_EFGI,4,EFGI,I.K13M,0.425999999,0.563118339,2
1CHO_EFGI,4,EFGI,I.A15Q,0.442000002,0.005023204,2
1CHO_EFGI,4,EFGI,I.A15R,0.469000012,0.965531111,2
1CHO_EFGI,4,EFGI,I.K13C,0.503000021,-0.023618594,2
1CHO_EFGI,4,EFGI,I.N36L,0.616999984,-0.399194062,2
1CHO_EFGI,4,EFGI,I.P14G,0.635999978,0.669192791,2
1CHO_EFGI,4,EFGI,I.A15I,0.654999971,-0.337508738,2
1CHO_EFGI,4,EFGI,I.R21K,0.662999988,1.419423938,2
1CHO_EFGI,4,EFGI,I.Y20L,0.684000015,0.618630648,2
1CHO_EFGI,4,EFGI,I.G32V,0.702000022,1.740679979,2
1CHO_EFGI,4,EFGI,I.E19D,0.882000029,1.207170963,2
1CHO_EFGI,4,EFGI,I.A15V,0.953999996,0.451086164,2
1CHO_EFGI,4,EFGI,I.G32N,0.953999996,0.464203328,2
1CHO_EFGI,4,EFGI,I.A15T,0.968999982,0.374947965,2
1CHO_EFGI,4,EFGI,I.K13W,1.019999981,0.111601554,2
1CHO_EFGI,4,EFGI,I.G32W,1.057000041,1.598308206,2
1CHO_EFGI,4,EFGI,I.K13Y,1.075000048,0.414150089,2
1CHO_EFGI,4,EFGI,I.K13F,1.093000054,0.910742402,2
1CHO_EFGI,4,EFGI,I.K13V,1.202000022,0.786515772,2
1CHO_EFGI,4,EFGI,I.Y20M,1.226999998,1.5696069,2
1CHO_EFGI,4,EFGI,I.E19Q,1.333999991,0.761369526,2
1CHO_EFGI,4,EFGI,I.K13I,1.544999957,0.610142112,2
1CHO_EFGI,4,EFGI,I.N36R,1.588999987,1.489041448,2
1CHO_EFGI,4,EFGI,I.Y20H,1.588999987,1.78545785,2
1CHO_EFGI,4,EFGI,I.G32K,1.588999987,1.14142406,2
1CHO_EFGI,4,EFGI,I.G32M,1.636999965,2.080158472,2
1CHO_EFGI,4,EFGI,I.G32R,1.745000005,1.639688373,2
1CHO_EFGI,4,EFGI,I.G32L,1.751000047,1.354988456,2
1CHO_EFGI,4,EFGI,I.K13G,1.822000027,-0.185764506,2
1CHO_EFGI,4,EFGI,I.R21V,2.065999985,2.007657528,2
1CHO_EFGI,4,EFGI,I.K13P,2.075999975,2.391654968,2
1CHO_EFGI,4,EFGI,I.G32T,2.075999975,1.211655855,2
1CHO_EFGI,4,EFGI,I.E19H,2.089999914,2.255458117,2
1CHO_EFGI,4,EFGI,I.R21I,2.108999968,3.00353241,2
1CHO_EFGI,4,EFGI,I.Y20I,2.108999968,3.009444475,2
1CHO_EFGI,4,EFGI,I.N36W,2.178999901,-0.296407551,2
1CHO_EFGI,4,EFGI,I.N36E,2.332999945,1.835055351,2
1CHO_EFGI,4,EFGI,I.N36K,2.332999945,2.269729137,2
1CHO_EFGI,4,EFGI,I.E19N,2.332999945,0.652596533,2
1CHO_EFGI,4,EFGI,I.E19A,2.332999945,-0.131977573,2
1CHO_EFGI,4,EFGI,I.T17S,2.351000071,1.525930047,2
1CHO_EFGI,4,EFGI,I.N36F,2.367000103,2.495678425,2
1CHO_EFGI,4,EFGI,I.G32I,2.367000103,-0.01403386,2
1CHO_EFGI,4,EFGI,I.G32Q,2.384000063,2.60524416,2
1CHO_EFGI,4,EFGI,I.R21W,2.438999891,0.604462326,2
1CHO_EFGI,4,EFGI,I.E19V,2.438999891,0.054814357,2
1CHO_EFGI,4,EFGI,I.R21Q,2.477999926,1.892288446,2
1CHO_EFGI,4,EFGI,I.A15K,2.499000072,2.095730066,2
1CHO_EFGI,4,EFGI,I.G32C,2.542999983,0.252584159,2
1CHO_EFGI,4,EFGI,I.Y20A,2.542999983,3.188574076,2
1CHO_EFGI,4,EFGI,I.Y20C,2.542999983,3.243770599,2
1CHO_EFGI,4,EFGI,I.N36Y,2.565999985,0.711610973,2
1CHO_EFGI,4,EFGI,I.E19P,2.59100008,4.454339027,2
1CHO_EFGI,4,EFGI,I.R21M,2.615999937,2.632563353,2
1CHO_EFGI,4,EFGI,I.G32E,2.615999937,1.729387999,2
1CHO_EFGI,4,EFGI,I.E19I,2.64199996,-1.092243791,2
1CHO_EFGI,4,EFGI,I.L18C,2.64199996,0.883933127,2
1CHO_EFGI,4,EFGI,I.R21T,2.66899991,2.907779694,2
1CHO_EFGI,4,EFGI,I.E19Y,2.66899991,2.421713114,2
1CHO_EFGI,4,EFGI,I.E19M,2.697999954,1.596012712,2
1CHO_EFGI,4,EFGI,I.E19C,2.727999926,0.001403342,2
1CHO_EFGI,4,EFGI,I.R21H,2.79399991,2.041665554,2
1CHO_EFGI,4,EFGI,I.E19S,2.79399991,1.262181163,2
1CHO_EFGI,4,EFGI,I.R21L,2.83100009,2.400458097,2
1CHO_EFGI,4,EFGI,I.E19L,2.868999958,2.168855429,2
1CHO_EFGI,4,EFGI,I.Y20S,2.868999958,2.531541348,2
1CHO_EFGI,4,EFGI,I.E19T,2.90899992,1.61024785,2
1CHO_EFGI,4,EFGI,I.Y20R,2.90899992,3.49706459,2
1CHO_EFGI,4,EFGI,I.R21F,2.953000069,3.113523722,2
1CHO_EFGI,4,EFGI,I.L18Q,2.953000069,2.268984795,2
1CHO_EFGI,4,EFGI,I.R21Y,3.000999928,2.133359909,2
1CHO_EFGI,4,EFGI,I.Y20N,3.000999928,3.112445593,2
1CHO_EFGI,4,EFGI,I.L18H,3.000999928,0.981541157,2
1CHO_EFGI,4,EFGI,I.A15P,3.108999968,1.396074414,2
1CHO_EFGI,4,EFGI,I.G32D,3.108999968,1.760891318,2
1CHO_EFGI,4,EFGI,I.Y20Q,3.154999971,3.58127141,2
1CHO_EFGI,4,EFGI,I.E19W,3.160000086,2.890418291,2
1CHO_EFGI,4,EFGI,I.Y20K,3.164999962,1.997302294,2
1CHO_EFGI,4,EFGI,I.Y20G,3.176000118,5.331477165,2
1CHO_EFGI,4,EFGI,I.R21S,3.187000036,2.931548119,2
1CHO_EFGI,4,EFGI,I.R21A,3.191999912,2.198638439,2
1CHO_EFGI,4,EFGI,I.Y20T,3.303999901,4.916018963,2
1CHO_EFGI,4,EFGI,I.T17C,3.328999996,6.288006306,2
1CHO_EFGI,4,EFGI,I.L18N,3.357000113,3.394767523,2
1CHO_EFGI,4,EFGI,I.Y20V,3.463999987,2.942088127,2
1CHO_EFGI,4,EFGI,I.R21G,3.486000061,3.597545385,2
1CHO_EFGI,4,EFGI,I.R21N,3.519999981,3.91344142,2
1CHO_EFGI,4,EFGI,I.R21C,3.519999981,2.41330266,2
1CHO_EFGI,4,EFGI,I.R21E,3.519999981,2.913218498,2
1CHO_EFGI,4,EFGI,I.T17V,3.58100009,3.325694561,2
1CHO_EFGI,4,EFGI,I.E19K,3.595000029,2.322927475,2
1CHO_EFGI,4,EFGI,I.E19F,3.622999907,3.069082737,2
1CHO_EFGI,4,EFGI,I.E19G,3.622999907,3.681440592,2
1CHO_EFGI,4,EFGI,I.T17H,3.65199995,3.699435949,2
1CHO_EFGI,4,EFGI,I.T17I,3.65199995,3.90802002,2
1CHO_EFGI,4,EFGI,I.E19R,3.681999922,-0.349063069,2
1CHO_EFGI,4,EFGI,I.T17Q,3.681999922,1.314158559,2
1CHO_EFGI,4,EFGI,I.R21D,3.782999992,2.589197397,2
1CHO_EFGI,4,EFGI,I.T17R,3.884000063,2.363870382,2
1CHO_EFGI,4,EFGI,I.T17M,3.954999924,3.001367807,2
1CHO_EFGI,4,EFGI,I.L18R,4.006999969,3.421781778,2
1CHO_EFGI,4,EFGI,I.T17K,4.092999935,0.593935728,2
1CHO_EFGI,4,EFGI,I.T17A,4.15899992,4.663823128,2
1CHO_EFGI,4,EFGI,I.T17W,4.15899992,5.756878376,2
1CHO_EFGI,4,EFGI,I.T17P,4.232999802,5.641955853,2
1CHO_EFGI,4,EFGI,I.T17F,4.232999802,4.542803288,2
1CHO_EFGI,4,EFGI,I.L18V,4.274000168,3.327331543,2
1CHO_EFGI,4,EFGI,I.T17N,4.31799984,4.161315441,2
1CHO_EFGI,4,EFGI,I.T17L,4.416999817,2.842489243,2
1CHO_EFGI,4,EFGI,I.T17Y,4.47300005,4.82667017,2
1CHO_EFGI,4,EFGI,I.L18K,4.47300005,4.053122997,2
1CHO_EFGI,4,EFGI,I.L18I,4.479000092,5.060541153,2
1CHO_EFGI,4,EFGI,I.L18T,4.485000134,3.116015434,2
1CHO_EFGI,4,EFGI,I.L18A,4.765999794,3.289990664,2
1CHO_EFGI,4,EFGI,I.L18S,4.986999989,4.218643188,2
1CHO_EFGI,4,EFGI,I.Y20E,5.015999794,6.632124901,2
1CHO_EFGI,4,EFGI,I.T17G,5.294000149,5.306966782,2
1CHO_EFGI,4,EFGI,I.L18G,6.085000038,6.969403267,2
1CHO_EFGI,4,EFGI,I.Y20D,6.296000004,2.935894728,2
1CHO_EFGI,4,EFGI,I.T17E,6.426000118,5.576081276,2
1CHO_EFGI,4,EFGI,I.L18E,6.65899992,7.430438519,2
1CHO_EFGI,4,EFGI,I.T17D,6.821000099,4.45381403,2
1CHO_EFGI,4,EFGI,I.L18D,7.201000214,7.390424728,2
1CHO_EFGI,4,EFGI,I.R21P,7.289000034,7.412956715,2
1CHO_EFGI,4,EFGI,I.Y20P,8.565999985,6.378409863,2
1CHO_EFGI,4,EFGI,I.L18P,8.802000046,9.808588982,2
1CSE_EI,2,EI,I.L45S,1.18900001,1.30674696,2
1CSE_EI,2,EI,I.L45G,2.280999899,3.419028521,2
1CSE_EI,2,EI,I.L45E,2.382999897,3.109262943,2
1CSE_EI,2,EI,I.L45I,2.982000113,2.303725958,2
1CSE_EI,2,EI,I.L45D,4.412000179,3.591584682,2
1CSE_EI,2,EI,I.L45P,6.764999866,4.278181076,2
1CSO_EI,2,EI,I.I18L,-4.480999947,-4.151137829,2
1CT0_EI,2,EI,I.S18L,-4.157999992,-1.561215162,2
1CT2_EI,2,EI,I.T18L,-3.204999924,-3.231211185,2
1CT4_EI,2,EI,I.V18L,-3.03399992,-3.750822544,2
1CZ8_HLVW,6,HLVWXY,L.L4M,0.041000001,0.705385506,2
1DAN_HLTU,4,HLTU,T.K15A,-0.397000015,-0.053808544,2
1DAN_HLTU,4,HLTU,U.Y185A,-0.330000013,0.241103917,2
1DAN_HLTU,4,HLTU,H.K192A,-0.187000006,0.300605953,2
1DAN_HLTU,4,HLTU,T.V33A,-0.186000004,0.585420489,2
1DAN_HLTU,4,HLTU,U.P92A,-0.186000004,0.365608037,2
1DAN_HLTU,4,HLTU,U.E99A,-0.175999999,0.902290523,2
1DAN_HLTU,4,HLTU,U.G164R,-0.163000003,-0.555623055,2
1DAN_HLTU,4,HLTU,T.T21A,-0.158999994,0.352930993,2
1DAN_HLTU,4,HLTU,T.S16A,-0.129999995,1.149331689,2
1DAN_HLTU,4,HLTU,T.Y51A,-0.127000004,0.88508743,2
1DAN_HLTU,4,HLTU,T.V36A,-0.127000004,0.742060304,2
1DAN_HLTU,4,HLTU,T.S47A,-0.127000004,0.487004966,2
1DAN_HLTU,4,HLTU,T.I38A,-0.127000004,0.301734656,2
1DAN_HLTU,4,HLTU,U.K122A,-0.123999998,-0.478921384,2
1DAN_HLTU,4,HLTU,T.K68A,-0.07,-0.035652436,2
1DAN_HLTU,4,HLTU,T.S42A,-0.068999998,0.421817541,2
1DAN_HLTU,4,HLTU,U.E105A,-0.059999999,-0.02523295,2
1DAN_HLTU,4,HLTU,U.R136A,-0.059999999,0.565884829,2
1DAN_HLTU,4,HLTU,U.T106A,-0.059999999,0.63864404,2
1DAN_HLTU,4,HLTU,T.L72A,-0.059999999,0.454112887,2
1DAN_HLTU,4,HLTU,U.F147A,-0.059999999,0.212970316,2
1DAN_HLTU,4,HLTU,U.L133A,-0.028000001,0.699037969,2
1DAN_HLTU,4,HLTU,U.D129A,-0.027000001,0.38248682,2
1DAN_HLTU,4,HLTU,U.T172A,-0.026000001,0.016188027,2
1DAN_HLTU,4,HLTU,U.T139A,-0.016000001,0.259175748,2
1DAN_HLTU,4,HLTU,U.D145A,-0.011,0.376191497,2
1DAN_HLTU,4,HLTU,U.E208A,-0.005,0.816930592,2
1DAN_HLTU,4,HLTU,U.S195A,-0.003,0.083241187,2
1DAN_HLTU,4,HLTU,U.R144A,-0.003,-0.137421057,2
1DAN_HLTU,4,HLTU,U.N199A,0,0.105954565,2
1DAN_HLTU,4,HLTU,U.N138A,0,0.112054303,2
1DAN_HLTU,4,HLTU,T.L59A,0,0.102302991,2
1DAN_HLTU,4,HLTU,T.V64A,0,0.13223505,2
1DAN_HLTU,4,HLTU,U.N107A,0,0.107258439,2
1DAN_HLTU,4,HLTU,T.E62A,0,0.07497064,2
1DAN_HLTU,4,HLTU,U.T132A,0,0.128329843,2
1DAN_HLTU,4,HLTU,T.I63A,0,0.083153881,2
1DAN_HLTU,4,HLTU,T.Q69A,0,0.116106838,2
1DAN_HLTU,4,HLTU,U.R131A,0,0.119841635,2
1DAN_HLTU,4,HLTU,U.Y157A,0,0.136422336,2
1DAN_HLTU,4,HLTU,H.L144A,0.016000001,0.098692134,2
1DAN_HLTU,4,HLTU,U.K181A,0.017000001,0.694836318,2
1DAN_HLTU,4,HLTU,U.S163A,0.023,0.039165594,2
1DAN_HLTU,4,HLTU,T.G43A,0.064999998,0.749450207,2
1DAN_HLTU,4,HLTU,U.L176A,0.079999998,0.171630234,2
1DAN_HLTU,4,HLTU,U.E128A,0.086000003,0.194570154,2
1DAN_HLTU,4,HLTU,T.E26A,0.101000004,0.666231155,2
1DAN_HLTU,4,HLTU,U.T197A,0.109999999,-0.001678211,2
1DAN_HLTU,4,HLTU,U.V179A,0.109999999,0.430493414,2
1DAN_HLTU,4,HLTU,U.V198A,0.109999999,0.033227492,2
1DAN_HLTU,4,HLTU,U.K169A,0.116999999,0.091853499,2
1DAN_HLTU,4,HLTU,T.K28A,0.116999999,0.034302503,2
1DAN_HLTU,4,HLTU,T.T17A,0.120999999,-0.583004236,2
1DAN_HLTU,4,HLTU,U.W158F,0.123000003,-0.07006643,2
1DAN_HLTU,4,HLTU,U.T203A,0.135000005,0.570292473,2
1DAN_HLTU,4,HLTU,U.Y156L,0.155000001,1.242474675,2
1DAN_HLTU,4,HLTU,U.I152A,0.179000005,0.795980155,2
1DAN_HLTU,4,HLTU,T.N18A,0.180000007,0.640791893,2
1DAN_HLTU,4,HLTU,U.V146A,0.200000003,0.430145323,2
1DAN_HLTU,4,HLTU,U.T167A,0.211999997,0.149095044,2
1DAN_HLTU,4,HLTU,T.D61A,0.241999999,0.513445199,2
1DAN_HLTU,4,HLTU,U.Y94A,0.312000006,0.275461614,2
1DAN_HLTU,4,HLTU,T.K41A,0.321999997,0.245871305,2
1DAN_HLTU,4,HLTU,T.T52A,0.405000001,0.525413692,2
1DAN_HLTU,4,HLTU,T.F50A,0.437999994,-0.137701511,2
1DAN_HLTU,4,HLTU,U.R196A,0.460999995,-1.512675643,2
1DAN_HLTU,4,HLTU,T.W25F,0.61500001,0.656001985,2
1DAN_HLTU,4,HLTU,T.Y78A,0.628000021,0.203896433,2
1DAN_HLTU,4,HLTU,T.I22A,0.644999981,0.120763183,2
1DAN_HLTU,4,HLTU,T.E24A,0.657999992,0.505657077,2
1DAN_HLTU,4,HLTU,T.W14F,0.691999972,0.353669107,2
1DAN_HLTU,4,HLTU,T.Q37A,0.728999972,-0.095750935,2
1DAN_HLTU,4,HLTU,H.M164A,0.744000018,0.266640067,2
1DAN_HLTU,4,HLTU,H.R134A,0.749000013,-0.228180528,2
1DAN_HLTU,4,HLTU,T.K46A,0.894999981,0.293154746,2
1DAN_HLTU,4,HLTU,T.K48A,0.921000004,1.915199757,2
1DAN_HLTU,4,HLTU,U.R135A,0.986000001,-0.080627434,2
1DAN_HLTU,4,HLTU,T.F76A,1.105000019,0.740497112,2
1DAN_HLTU,4,HLTU,T.W45F,1.271000028,-0.031588897,2
1DAN_HLTU,4,HLTU,U.Q110A,1.304999948,0.55633837,2
1DAN_HLTU,4,HLTU,T.D58E,1.379999995,2.099709272,2
1DAN_HLTU,4,HLTU,T.D44A,1.379999995,-0.054330111,2
1DAN_HLTU,4,HLTU,T.W45A,1.5,2.479727507,2
1DAN_HLTU,4,HLTU,U.V207A,1.570000052,0.214805871,2
1DAN_HLTU,4,HLTU,T.K20R,1.68599999,0.276474684,2
1DAN_HLTU,4,HLTU,T.D58A,1.99000001,0.531185567,2
1DAN_HLTU,4,HLTU,U.F140A,2.214999914,0.25264892,2
1DAN_HLTU,4,HLTU,T.T60A,2.223999977,1.463596702,2
1DAN_HLTU,4,HLTU,T.K20A,2.438999891,2.058055162,2
1DQJ_ABC,3,ABC,C.N93A,0.649999976,0.521282375,2
1DQJ_ABC,3,ABC,C.W62A,0.758000016,0.828851402,2
1DQJ_ABC,3,ABC,C.S100A,0.776000023,-0.141108468,2
1DQJ_ABC,3,ABC,C.T89A,0.841000021,1.32439661,2
1DQJ_ABC,3,ABC,A.Y96A,1.136000037,0.909219742,3
1DQJ_ABC,3,ABC,C.R21A,1.16900003,2.420200348,2
1DQJ_ABC,3,ABC,B.Y53A,1.180999994,1.308300972,3
1DQJ_ABC,3,ABC,C.W63A,1.347000003,0.611837208,3
1DQJ_ABC,3,ABC,A.S91A,1.432999969,1.140046239,2
1DQJ_ABC,3,ABC,C.L75A,1.452999949,1.169189692,2
1DQJ_ABC,3,ABC,C.D101A,1.452999949,1.079887509,2
1DQJ_ABC,3,ABC,A.N31A,2.013999939,4.315420151,2
1DQJ_ABC,3,ABC,B.D32A,2.013999939,1.379288197,2
1DQJ_ABC,3,ABC,A.Y50A,2.678999901,3.202130318,3
1DQJ_ABC,3,ABC,C.Y20A,3.286999941,2.937979698,3
1DQJ_ABC,3,ABC,C.K97A,3.520999908,5.526572227,2
1DQJ_ABC,3,ABC,A.N32A,4.092999935,0.80021894,2
1DQJ_ABC,3,ABC,B.W98A,4.934000015,4.09824276,2
1DQJ_ABC,3,ABC,B.Y33A,5.52699995,5.476573467,3
1DQJ_ABC,3,ABC,C.K96A,6.15899992,3.952314615,2
1DQJ_ABC,3,ABC,B.Y50A,6.890999794,7.519641876,3
1DVF_ABCD,4,ABCD,A.W92A,0.340999991,1.143947482,3
1DVF_ABCD,4,ABCD,A.Y50A,0.688000023,0.706892908,3
1DVF_ABCD,4,ABCD,B.T30A,0.907999992,1.963552237,3
1DVF_ABCD,4,ABCD,D.K30A,1.003999949,0.504975319,3
1DVF_ABCD,4,ABCD,B.N56A,1.162999988,-0.741294205,3
1DVF_ABCD,4,ABCD,A.S93A,1.162999988,0.815131426,3
1DVF_ABCD,4,ABCD,B.D58A,1.600999951,0.863717914,3
1DVF_ABCD,4,ABCD,D.Q100A,1.628999949,1.197646379,3
1DVF_ABCD,4,ABCD,A.Y49A,1.628999949,6.627978802,3
1DVF_ABCD,4,ABCD,A.H30A,1.649999976,0.68386972,3
1DVF_ABCD,4,ABCD,D.D52A,1.682999969,0.963693142,3
1DVF_ABCD,4,ABCD,B.Y32A,1.832000017,0.565720558,3
1DVF_ABCD,4,ABCD,D.N54A,1.860999942,1.066308737,3
1DVF_ABCD,4,ABCD,D.H33A,1.860999942,0.966097474,3
1DVF_ABCD,4,ABCD,C.Y49A,1.860999942,1.390804052,3
1DVF_ABCD,4,ABCD,B.R99A,1.875,-0.078720078,3
1DVF_ABCD,4,ABCD,B.Y101F,2.013000011,-1.783676982,3
1DVF_ABCD,4,ABCD,A.Y32A,2.030999899,0.839867115,3
1DVF_ABCD,4,ABCD,D.I97A,2.683000088,1.752257586,3
1DVF_ABCD,4,ABCD,B.D100A,2.790999889,1.975387692,3
1DVF_ABCD,4,ABCD,B.W52A,4.135000229,3.244063854,3
1DVF_ABCD,4,ABCD,B.E98A,4.18900013,1.398265481,3
1DVF_ABCD,4,ABCD,B.D54A,4.282999992,0.074079722,3
1DVF_ABCD,4,ABCD,D.Y98A,4.742000103,2.24461174,3
1DVF_renum_ABCD,4,ABCD,D.R106A,4.092999935,1.001223207,3
1E50_ABCDEFGHQR,2,AB,A.D66A,-0.40200001,0.41442427,1
1E50_ABCDEFGHQR,2,AB,A.R142A,-0.191,0.410438538,1
1E50_ABCDEFGHQR,2,AB,A.V159A,-0.044,1.020694137,1
1E50_ABCDEFGHQR,2,AB,B.V58A,0,-1.600780487,1
1E50_ABCDEFGHQR,2,AB,B.S65A,0.115000002,0.012374533,1
1E50_ABCDEFGHQR,2,AB,A.K144M,0.319999993,0.132843629,1
1E50_ABCDEFGHQR,2,AB,A.N69A,0.677999973,0.423573405,1
1E50_ABCDEFGHQR,2,AB,B.N63A,0.910000026,0.344107866,1
1E50_ABCDEFGHQR,2,AB,A.Y113A,0.944999993,0.130634874,1
1E50_ABCDEFGHQR,2,AB,A.S114A,0.977999985,1.013881087,1
1E50_ABCDEFGHQR,2,AB,A.M106A,1.320000052,0.667962492,1
1E50_ABCDEFGHQR,2,AB,B.N104A,1.407999992,0.502850771,1
1E50_ABCDEFGHQR,2,AB,A.T149A,1.513000011,1.085118175,1
1E50_ABCDEFGHQR,2,AB,B.R33A,1.774999976,-0.166111976,1
1E50_ABCDEFGHQR,2,AB,A.T161A,2.184999943,0.825886726,1
1E50_ABCDEFGHQR,2,AB,A.N109A,2.433000088,0.766321421,1
1E96_AB,2,AB,A.K132E,-0.189999998,0.781175017,1
1E96_AB,2,AB,A.L134R,-0.127000004,0.168146923,1
1E96_AB,2,AB,A.M45T,0.365999997,0.051770408,1
1E96_AB,2,AB,A.N26H,1.105000019,0.491834939,1
1E96_AB,2,AB,A.I33N,2.042999983,0.542232156,1
1E96_AB,2,AB,A.D38N,2.201999903,0.737867653,1
1EAW_ABCD,2,AB,A.I41A,-0.823000014,0.290404409,3
1EAW_ABCD,2,AB,A.Q38A,-0.518999994,0.197042033,3
1EAW_ABCD,2,AB,A.I60A,-0.194000006,0.673789084,3
1EAW_ABCD,2,AB,A.R87A,-0.150000006,-0.333426237,3
1EAW_ABCD,2,AB,A.Q175A,-0.133000001,0.296170056,3
1EAW_ABCD,2,AB,A.R222A,-0.089000002,0.265844285,3
1EAW_ABCD,2,AB,A.H143A,-0.014,0.028517457,3
1EAW_ABCD,2,AB,A.T150A,0.089000002,-1.187570453,3
1EAW_ABCD,2,AB,A.T98A,0.254999995,0.695481122,3
1EAW_ABCD,2,AB,A.Q145A,0.307000011,0.260910571,3
1EAW_ABCD,2,AB,A.N95A,0.307999998,0.412567556,3
1EAW_ABCD,2,AB,A.K224A,0.476000011,0.24768661,3
1EAW_ABCD,2,AB,A.L153A,0.501999974,0.680187166,3
1EAW_ABCD,2,AB,A.Y146A,0.501999974,0.927179515,3
1EAW_ABCD,2,AB,A.Q174A,0.564999998,0.556833625,3
1EAW_ABCD,2,AB,A.D96A,0.653999984,0.92826426,3
1EAW_ABCD,2,AB,A.E169A,0.703999996,0.094915912,3
1EAW_ABCD,2,AB,A.F94A,0.728999972,0.704402506,3
1EAW_ABCD,2,AB,A.F97A,0.89200002,0.340934724,3
1EAW_ABCD,2,AB,A.D217A,2.229000092,0.146017402,3
1EAW_renum_ABCD,2,AB,A.F50A,-0.42899999,0.206607267,3
1EAW_renum_ABCD,2,AB,A.D46A,-0.172000006,0.663271964,3
1EAW_renum_ABCD,2,AB,A.Y52A,-0.079000004,0.226407886,3
1EAW_renum_ABCD,2,AB,A.Q218A,0.143999994,0.57640624,3
1EAW_renum_ABCD,2,AB,A.R51A,0.231000006,0.072273187,3
1EAW_renum_ABCD,2,AB,A.R48A,0.588,0.198107034,3
1EAW_renum_ABCD,2,AB,A.D47A,1.503000021,0.041437257,3
1EFN_ABCD,4,ABCD,A.T97H,1.243999958,0.689937294,3
1EFN_ABCD,4,ABCD,A.I96A,1.450999975,-0.054747049,3
1EMV_AB,2,AB,B.S78A,-0.540000021,-0.052269295,3
1EMV_AB,2,AB,B.Q92A,-0.277999997,0.187612459,3
1EMV_AB,2,AB,B.S74A,-0.240999997,0.738818824,3
1EMV_AB,2,AB,B.S77A,-0.232999995,-0.347505867,3
1EMV_AB,2,AB,B.S84A,-0.108999997,0.342622966,3
1EMV_AB,2,AB,A.S48A,0.007,0.867069185,3
1EMV_AB,2,AB,A.N24A,0.138999999,-0.527867854,3
1EMV_AB,2,AB,B.T87A,0.158999994,0.636718392,3
1EMV_AB,2,AB,A.S28A,0.172999993,-0.141105995,3
1EMV_AB,2,AB,A.K35A,0.192000002,1.368491411,3
1EMV_AB,2,AB,A.E45A,0.213,0.174278885,3
1EMV_AB,2,AB,A.E32A,0.219999999,0.533027768,3
1EMV_AB,2,AB,A.N69A,0.277999997,0.141635522,3
1EMV_AB,2,AB,A.T44A,0.305000007,0.227726355,3
1EMV_AB,2,AB,A.E31A,0.307000011,0.427791536,3
1EMV_AB,2,AB,A.D26A,0.337000012,-0.06394016,3
1EMV_AB,2,AB,A.P47A,0.437000006,1.273068786,3
1EMV_AB,2,AB,A.D60A,0.510999978,0.496573657,3
1EMV_AB,2,AB,A.L52A,0.601000011,4.259444237,3
1EMV_AB,2,AB,A.E42A,0.657999992,0.535677552,3
1EMV_AB,2,AB,A.T27A,0.727999985,0.472771168,3
1EMV_AB,2,AB,A.H46A,0.832000017,1.172216415,3
1EMV_AB,2,AB,A.I53A,0.84799999,0.941453636,3
1EMV_AB,2,AB,A.S63A,0.870000005,1.224703074,3
1EMV_AB,2,AB,A.T38A,0.899999976,-0.246451557,3
1EMV_AB,2,AB,A.L36A,0.907000005,1.897675753,3
1EMV_AB,2,AB,A.C23A,0.921999991,1.222642303,3
1EMV_AB,2,AB,A.S29A,0.95599997,0.142956808,3
1EMV_AB,2,AB,B.V98A,1.088999987,0.767010689,3
1EMV_AB,2,AB,B.N72A,1.164999962,-0.166737318,3
1EMV_AB,2,AB,A.P56A,1.243000031,1.585828304,3
1EMV_AB,2,AB,A.E30A,1.417000055,-0.093738317,3
1EMV_AB,2,AB,A.G49A,1.485999942,1.137057543,3
1EMV_AB,2,AB,A.V37A,1.664999962,2.365472317,3
1EMV_AB,2,AB,B.R54A,1.666000009,0.837438166,3
1EMV_AB,2,AB,A.V68A,1.856999993,0.740343571,3
1EMV_AB,2,AB,B.K97A,1.960999966,0.728740096,3
1EMV_AB,2,AB,A.E41A,2.084000111,2.936984062,3
1EMV_AB,2,AB,A.S50A,2.187999964,0.629069746,3
1EMV_AB,2,AB,B.N75A,2.335999966,0.858403385,3
1EMV_AB,2,AB,A.V34A,2.578999996,1.637805104,3
1EMV_AB,2,AB,A.L33A,3.41899991,0.59564054,3
1EMV_AB,2,AB,B.F86A,3.881000042,1.808598518,3
1EMV_AB,2,AB,A.Y55A,4.637000084,4.585911751,3
1EMV_AB,2,AB,A.Y54A,4.836999893,4.674634457,3
1EMV_AB,2,AB,A.D51A,5.918000221,6.022654057,3
1F47_AB,2,AB,A.P9A,-0.057999998,-0.152366087,3
1F47_AB,2,AB,A.Q15A,-0.046,0.78859657,3
1F47_AB,2,AB,A.K14A,-0.043000001,0.55195576,3
1F47_AB,2,AB,A.D4A,0.691999972,0.573164701,3
1F47_AB,2,AB,A.Y5A,0.869000018,0.561427534,3
1F47_AB,2,AB,A.L6A,0.925000012,0.6683743,3
1F47_AB,2,AB,A.D7G,1.139000058,0.745307565,3
1F47_AB,2,AB,A.D7A,1.733999968,-0.024440782,3
1F47_AB,2,AB,A.D7S,2.065000057,0.580164015,3
1F47_AB,2,AB,A.L12A,2.295000076,2.180540562,3
1F47_AB,2,AB,A.F11A,2.444999933,3.152206182,3
1F47_AB,2,AB,A.I8A,2.516000032,1.401344538,3
1F5R_AI,2,AI,A.K156Q,-1.171000004,0.524630308,3
1FC2_CD,2,CD,C.N125F,-0.108000003,-0.584919214,3
1FC2_CD,2,CD,C.F149W,0,0.148315161,3
1FC2_CD,2,CD,C.L163W,0,0.172340393,3
1FC2_CD,2,CD,C.N125Q,0,0.186942518,3
1FC2_CD,2,CD,C.F149A,0.063000001,0.785092592,3
1FC2_CD,2,CD,C.N130F,0.090999998,-0.017735394,3
1FC2_CD,2,CD,C.Q151K,0.170000002,-0.125047594,3
1FC2_CD,2,CD,C.Y133W,0.411000013,0.282091171,3
1FC2_CD,2,CD,C.Q151L,0.458000004,0.07619404,3
1FC2_CD,2,CD,C.N147A,0.606000006,0.326586992,3
1FC2_CD,2,CD,C.N147F,0.845000029,0.002060592,3
1FC2_CD,2,CD,C.F124M,0.912999988,-1.589985967,3
1FC2_CD,2,CD,C.Y133F,1.027999997,0.038899627,3
1FC2_CD,2,CD,C.K126D,1.062000036,0.299598336,3
1FC2_CD,2,CD,C.L136D,1.434000015,-0.088664494,3
1FC2_CD,2,CD,C.K154A,1.52699995,0.412273288,3
1FC2_CD,2,CD,C.I135W,3.138999939,0.464895785,3
1FC2_CD,2,CD,C.I150A,5.27699995,0.6603567,3
1FCC_ABCD,4,ABCD,C.T25A,0.239999995,0.031667203,3
1FCC_ABCD,4,ABCD,C.D40A,0.272000015,0.77154541,3
1FCC_ABCD,4,ABCD,C.E42A,0.38499999,0.812271535,3
1FCC_ABCD,4,ABCD,C.K28A,1.256000042,0.707466125,3
1FCC_ABCD,4,ABCD,C.N35A,2.36500001,0.691072166,3
1FCC_ABCD,4,ABCD,C.K31A,3.477999926,1.330575347,3
1FCC_ABCD,4,ABCD,C.W43A,3.773000002,2.123074055,3
1FCC_ABCD,4,ABCD,C.E27A,4.938000202,2.272537947,3
1FFW_AB,2,AB,A.T87I,-0.319000006,-0.16390717,3
1FFW_AB,2,AB,B.D202A,-0.074000001,0.51169461,3
1FFW_AB,2,AB,B.H181A,0.034000002,0.464821279,3
1FFW_AB,2,AB,A.D13K,0.046999998,-0.756372452,3
1FFW_AB,2,AB,A.A90V,0.090999998,0.164029434,3
1FFW_AB,2,AB,B.D207A,0.096000001,0.338758737,3
1FFW_AB,2,AB,A.Y51C,0.125,-0.197170526,3
1FFW_AB,2,AB,B.C213A,0.203999996,0.031793818,3
1FFW_AB,2,AB,B.I216A,0.428000003,0.920444608,3
1FFW_AB,2,AB,A.T112I,0.561999977,0.240818784,3
1FFW_AB,2,AB,B.E178A,0.638999999,0.466614753,3
1FFW_AB,2,AB,A.E117K,0.713,0.270766079,3
1FFW_AB,2,AB,A.Y106W,0.713,0.373020142,3
1FFW_AB,2,AB,B.E171A,0.717000008,0.005631543,3
1FFW_AB,2,AB,A.E93K,0.82099998,0.396882892,3
1FFW_AB,2,AB,A.V108M,1.131000042,0.523465693,3
1FFW_AB,2,AB,A.F111V,1.256000042,0.742321014,3
1FFW_AB,2,AB,A.A103V,1.363999963,0.258980751,3
1FFW_AB,2,AB,B.F214A,3.645999908,1.38217032,3
1FR2_AB,2,AB,A.A41E,-2.084000111,-0.802866876,3
1FSS_AB,2,AB,B.H29R,-1.488000035,-0.176920578,3
1FSS_AB,2,AB,B.H29K,-0.620000005,-0.107652068,3
1FSS_AB,2,AB,B.N47R,-0.535000026,0.000375617,3
1FSS_AB,2,AB,B.T9I,-0.231999993,0.545018256,3
1FSS_AB,2,AB,B.N47W,0.115999997,0.295438915,3
1FSS_AB,2,AB,B.R11K,0.314999998,0.389848769,3
1FSS_AB,2,AB,B.A12S,0.324999988,0.492321908,3
1FSS_AB,2,AB,B.T8V,0.368999988,0.959302068,3
1FSS_AB,2,AB,B.N47F,0.493000001,-0.871604741,3
1FSS_AB,2,AB,B.M33F,0.936999977,0.899059474,3
1FSS_AB,2,AB,B.M33L,0.963,0.37338236,3
1FSS_AB,2,AB,B.K32R,1.082999945,0.363471031,3
1FSS_AB,2,AB,B.T9N,1.199000001,1.116895318,3
1FSS_AB,2,AB,B.M33Y,1.394999981,0.49544391,3
1FSS_AB,2,AB,B.L35W,1.452000022,0.553057671,3
1FSS_AB,2,AB,B.M33Q,1.572999954,0.636251986,3
1FSS_AB,2,AB,B.V34T,1.585999966,0.417657763,3
1FSS_AB,2,AB,B.R27F,2.436000109,2.621177435,3
1FSS_AB,2,AB,B.R27Y,2.628999949,1.532696724,3
1FSS_AB,2,AB,B.R27M,2.664000034,2.179591417,3
1FY8_EI,2,EI,E.D194N,0.170000002,0.025054775,3
1FY8_EI,2,EI,E.Q156K,1.171000004,0.80900836,3
1GC1_CGHL,4,CGHL,C.Q40A,-0.411000013,0.053780813,3
1GC1_CGHL,4,CGHL,C.D63A,-0.319000006,0.547880232,3
1GC1_CGHL,4,CGHL,C.Q89L,-0.31099999,-0.014286575,3
1GC1_CGHL,4,CGHL,C.T45A,-0.149000004,-0.302864164,3
1GC1_CGHL,4,CGHL,C.E91A,-0.128000006,0.22337082,3
1GC1_CGHL,4,CGHL,C.T17A,-0.128000006,0.312106729,3
1GC1_CGHL,4,CGHL,C.K21A,-0.128000006,0.283101767,3
1GC1_CGHL,4,CGHL,C.N73A,-0.108000003,-0.09440843,3
1GC1_CGHL,4,CGHL,C.Q94A,-0.108000003,0.46884656,3
1GC1_CGHL,4,CGHL,C.S60A,-0.089000002,0.280079663,3
1GC1_CGHL,4,CGHL,C.D56A,-0.07,0.114319272,3
1GC1_CGHL,4,CGHL,C.V86A,-0.07,0.518911839,3
1GC1_CGHL,4,CGHL,C.D88A,-0.07,0.394739926,3
1GC1_CGHL,4,CGHL,C.N66A,-0.034000002,0.233171403,3
1GC1_CGHL,4,CGHL,C.K2A,-0.017000001,0.020891596,3
1GC1_CGHL,4,CGHL,C.Q20A,-0.017000001,0.55985868,3
1GC1_CGHL,4,CGHL,C.K72A,-0.017000001,0.340501785,3
1GC1_CGHL,4,CGHL,C.S19A,0,0.198889837,3
1GC1_CGHL,4,CGHL,C.S42A,0,0.199568316,3
1GC1_CGHL,4,CGHL,C.T11A,0,0.207370326,3
1GC1_CGHL,4,CGHL,C.D10A,0,0.18867135,3
1GC1_CGHL,4,CGHL,C.E92A,0.016000001,0.256052166,3
1GC1_CGHL,4,CGHL,C.Q25A,0.032000002,-0.498474985,3
1GC1_CGHL,4,CGHL,C.K50A,0.046999998,0.231563851,3
1GC1_CGHL,4,CGHL,C.K90A,0.046999998,0.304744929,3
1GC1_CGHL,4,CGHL,C.K1A,0.061999999,0.519372046,3
1GC1_CGHL,4,CGHL,C.K8A,0.104999997,0.261088699,3
1GC1_CGHL,4,CGHL,C.S31A,0.104999997,0.395166397,3
1GC1_CGHL,4,CGHL,C.Q33A,0.104999997,0.355037928,3
1GC1_CGHL,4,CGHL,C.R58A,0.131999999,-0.318086565,3
1GC1_CGHL,4,CGHL,C.K75A,0.158000007,-0.095334522,3
1GC1_CGHL,4,CGHL,C.N30A,0.170000002,0.114290483,3
1GC1_CGHL,4,CGHL,C.Q89A,0.170000002,0.218210533,3
1GC1_CGHL,4,CGHL,C.N32A,0.182999998,0.24240981,3
1GC1_CGHL,4,CGHL,C.E87A,0.217999995,0.019325169,3
1GC1_CGHL,4,CGHL,C.K22A,0.239999995,0.151817188,3
1GC1_CGHL,4,CGHL,C.H27A,0.282999992,0.536739886,3
1GC1_CGHL,4,CGHL,C.S23A,0.293000013,0.570195735,3
1GC1_CGHL,4,CGHL,C.D53A,0.303000003,0.28672272,3
1GC1_CGHL,4,CGHL,C.T15A,0.321999997,0.594221771,3
1GC1_CGHL,4,CGHL,C.K35A,0.321999997,0.296335965,3
1GC1_CGHL,4,CGHL,C.Q64A,0.442999989,0.355582386,3
1GC1_CGHL,4,CGHL,C.N39A,0.465999991,0.343686193,3
1GC1_CGHL,4,CGHL,C.K29A,0.536000013,0.521599829,3
1GC1_CGHL,4,CGHL,C.E77A,0.561999977,0.902935863,3
1GC1_CGHL,4,CGHL,C.S49A,0.611000001,0.30917421,3
1GC1_CGHL,4,CGHL,C.N52A,0.708000004,0.311801136,3
1GC1_CGHL,4,CGHL,C.K7A,0.998000026,0.376838326,3
1GC1_CGHL,4,CGHL,C.L44A,1.055999994,0.469357818,3
1GC1_CGHL,4,CGHL,C.R59A,1.175999999,0.481310874,3
1GC1_CGHL,4,CGHL,C.L51A,1.233999968,0.029845946,3
1GC1_CGHL,4,CGHL,C.Y82A,1.291000009,0.048186868,3
1GC1_CGHL,4,CGHL,C.E85A,1.322999954,-0.171773344,3
1GC1_CGHL,4,CGHL,C.K46A,1.430999994,0.416383505,3
1GCQ_ABC,3,ABC,C.G611V,-0.025,0.707937121,3
1GCQ_ABC,3,ABC,C.P609A,0.085000001,0.548334837,3
1GCQ_ABC,3,ABC,C.P608A,0.120999999,0.056845237,3
1GCQ_ABC,3,ABC,C.P595A,0.768000007,0.351326704,3
1GCQ_ABC,3,ABC,C.P657A,1.315999985,1.136689901,3
1GCQ_ABC,3,ABC,C.A632G,1.353000045,1.79126513,3
1GCQ_ABC,3,ABC,C.W637Y,2.147000074,0.831731796,3
1GL0_EI,2,EI,I.M30K,-0.558000028,0.475075185,3
1GL1_ABCIJK,2,AI,I.L30V,4.258999825,2.019458771,3
1GRN_AB,2,AB,A.D38E,0.389999986,0.364677966,3
1GUA_AB,2,AB,B.K65A,-0.400000006,-0.222647116,3
1GUA_AB,2,AB,B.N64A,-0.400000006,1.240029097,3
1GUA_AB,2,AB,B.V69A,0.100000001,0.344311565,3
1GUA_AB,2,AB,B.Q66A,0.100000001,0.09932337,3
1GUA_AB,2,AB,B.V88A,0.200000003,0.4482418,3
1GUA_AB,2,AB,A.D30E,0.239999995,0.267446071,3
1GUA_AB,2,AB,B.T68A,0.700999975,1.160351276,3
1GUA_AB,2,AB,B.K87A,0.799000025,0.941851854,3
1GUA_AB,2,AB,B.R59A,1.001000047,0.83378911,3
1GUA_AB,2,AB,A.E37A,1.300999999,1.470046282,3
1GUA_AB,2,AB,A.S39A,1.399999976,0.246811345,3
1GUA_AB,2,AB,B.K84A,1.998999953,1.093973994,3
1H9D_ABCD,4,ABEF,B.L103A,0.939999998,1.068498611,3
1H9D_ABCD,4,ABEF,B.R3A,1.161999941,0.44997716,3
1H9D_ABCD,4,ABEF,B.Q67A,1.363999963,0.501583874,3
1H9D_ABCD,4,ABEF,B.V4A,1.40199995,-0.420582563,3
1H9D_ABCD,4,ABEF,B.G61A,2.076999903,0.523928046,3
1H9D_ABCD,4,ABEF,B.N104A,2.303999901,0.177545995,3
1HE8_AB,2,AB,A.K223V,0.474999994,0.223720834,3
1IAR_AB,2,AB,A.F82D,-0.58099997,1.378748298,3
1IAR_AB,2,AB,A.E19A,-0.319999993,0.061707743,3
1IAR_AB,2,AB,A.T13D,-0.218999997,0.942943335,3
1IAR_AB,2,AB,A.S16A,-0.182999998,0.809455216,3
1IAR_AB,2,AB,A.E19R,-0.116999999,1.669203401,3
1IAR_AB,2,AB,A.S16D,-0.104000002,-0.386204302,3
1IAR_AB,2,AB,A.T6A,-0.104000002,0.3492257,3
1IAR_AB,2,AB,A.F82A,-0.086000003,1.421390533,3
1IAR_AB,2,AB,A.N15D,-0.078000002,0.024460085,3
1IAR_AB,2,AB,A.N15A,-0.034000002,1.379794836,3
1IAR_AB,2,AB,A.Q8A,-0.022,0.321543068,3
1IAR_AB,2,AB,A.K12S,-0.015,0.537698328,3
1IAR_AB,2,AB,A.Q8R,0.039000001,0.077756815,3
1IAR_AB,2,AB,A.I11A,0.068999998,0.757671773,3
1IAR_AB,2,AB,A.Q78A,0.125,-0.146555707,3
1IAR_AB,2,AB,A.K12E,0.138999999,0.456417531,3
1IAR_AB,2,AB,A.K77A,0.153999999,0.749079943,3
1IAR_AB,2,AB,A.Q78E,0.245000005,0.899434149,3
1IAR_AB,2,AB,A.K84A,0.344999999,0.167695314,3
1IAR_AB,2,AB,A.R85A,0.426999986,0.576107621,3
1IAR_AB,2,AB,A.R81A,0.479999989,0.550980389,3
1IAR_AB,2,AB,A.K77E,0.611999989,-0.197271734,3
1IAR_AB,2,AB,A.W91A,0.730000019,1.23445344,3
1IAR_AB,2,AB,A.I5R,0.796000004,0.348719776,3
1IAR_AB,2,AB,A.R53Q,0.836000025,1.318014383,3
1IAR_AB,2,AB,A.T13A,0.978999972,0.922867239,3
1IAR_AB,2,AB,A.I5A,1.171000004,1.736557007,3
1IAR_AB,2,AB,A.R85E,1.225000024,0.645753682,3
1IAR_AB,2,AB,A.W91D,1.307000041,0.544692695,3
1IAR_AB,2,AB,A.T6D,1.393000007,0.815542519,3
1IAR_AB,2,AB,A.R81E,1.462000012,0.949389935,3
1IAR_AB,2,AB,A.N89A,1.559000015,0.725118935,3
1IAR_AB,2,AB,A.K84D,1.879999995,0.805660486,3
1IAR_AB,2,AB,A.R88Q,2.828999996,0.360087425,3
1IAR_AB,2,AB,A.E9Q,3.112999916,0.640923321,3
1IAR_AB,2,AB,A.R88A,3.755000114,0.576410472,3
1JCK_ABCD,4,ABCD,B.G102A,0.013,0.038888708,3
1JCK_ABCD,4,ABCD,B.K103A,0.676999986,1.444016814,3
1JCK_ABCD,4,ABCD,B.N60A,1.643000007,0.932971179,3
1JCK_ABCD,4,ABCD,B.T20A,1.654999971,3.736723423,3
1JCK_ABCD,4,ABCD,B.Y26A,1.774999976,0.565664589,3
1JCK_ABCD,4,ABCD,B.N23A,2.076999903,0.61967653,3
1JCK_ABCD,4,ABCD,B.Q210A,2.076999903,0.635324299,3
1JCK_ABCD,4,ABCD,B.F176A,2.134000063,2.036671638,3
1JCK_ABCD,4,ABCD,B.V91A,2.23300004,2.436743975,3
1JCK_ABCD,4,ABCD,B.Y90A,2.595999956,0.417523652,3
1JRH_HIL,3,HIL,I.E55P,-3.789999962,-1.642303467,3
1JRH_HIL,3,HIL,I.W56F,-0.657000005,1.65676868,3
1JRH_HIL,3,HIL,L.S93A,-0.651000023,0.200308606,3
1JRH_HIL,3,HIL,I.E55A,-0.435000002,-0.039094005,3
1JRH_HIL,3,HIL,I.N79A,-0.398999989,0.326895237,3
1JRH_HIL,3,HIL,I.N48A,-0.293000013,0.489490628,3
1JRH_HIL,3,HIL,I.R84A,-0.246000007,1.837314606,3
1JRH_HIL,3,HIL,I.K98A,-0.043000001,0.82044971,3
1JRH_HIL,3,HIL,I.T14V,-0.026000001,0.080080993,3
1JRH_HIL,3,HIL,H.F98A,0,0.216228455,3
1JRH_HIL,3,HIL,I.W56Y,0.016000001,0.350769222,3
1JRH_HIL,3,HIL,I.E45Q,0.100000001,1.02136004,3
1JRH_HIL,3,HIL,I.S54A,0.298000008,1.929555058,3
1JRH_HIL,3,HIL,I.N48Q,0.363999993,-0.719096005,3
1JRH_HIL,3,HIL,L.T94A,0.38499999,1.723007441,3
1JRH_HIL,3,HIL,L.D28A,0.435000002,0.343185663,3
1JRH_HIL,3,HIL,L.E27A,0.542999983,0.374653012,3
1JRH_HIL,3,HIL,H.R95A,0.542999983,0.388147205,3
1JRH_HIL,3,HIL,L.Y91A,0.58099997,0.840682447,3
1JRH_HIL,3,HIL,I.Y49F,0.791000009,0.502491415,3
1JRH_HIL,3,HIL,H.Y99A,1.062000036,0.382221103,3
1JRH_HIL,3,HIL,I.W82F,1.108999968,0.752623618,3
1JRH_HIL,3,HIL,L.Y30A,1.108999968,1.088477731,3
1JRH_HIL,3,HIL,I.W82Y,1.136000037,1.011626959,3
1JRH_HIL,3,HIL,H.Y58A,1.256000042,1.02084291,3
1JRH_HIL,3,HIL,H.Y32A,1.434000015,1.543186903,3
1JRH_HIL,3,HIL,H.D55A,1.667000055,1.324786305,3
1JRH_HIL,3,HIL,L.W96A,1.667000055,2.26543951,3
1JRH_HIL,3,HIL,H.D56A,1.855000019,0.581596375,3
1JRH_HIL,3,HIL,I.V51A,1.883999944,1.216668606,3
1JRH_HIL,3,HIL,H.D54A,1.886999965,2.612706661,3
1JRH_HIL,3,HIL,H.W53A,2.421999931,0.962338328,3
1JRH_HIL,3,HIL,H.W52A,2.687000036,0.819534779,3
1JRH_HIL,3,HIL,L.W92A,2.819999933,1.060745597,3
1JRH_HIL,3,HIL,I.K52A,2.984999895,1.234984517,3
1JRH_HIL,3,HIL,I.K47M,3.29399991,0.672846138,3
1JRH_HIL,3,HIL,I.Y49A,3.401000023,0.618427813,3
1JRH_HIL,3,HIL,I.K47A,3.578999996,1.63187921,3
1JRH_HIL,3,HIL,I.N53A,3.894000053,1.796172857,3
1JRH_HIL,3,HIL,I.G50A,4.52699995,0.373709649,3
1JRH_HIL,3,HIL,I.W82A,4.528999805,1.737640619,3
1JRH_HIL,3,HIL,I.K52M,4.914000034,0.389849633,3
1JRH_renum_HIL,3,HIL,H.H107A,1.699000001,0.890486419,3
1JTD_AB,2,AB,B.D206A,-1.062000036,1.980483294,3
1JTD_AB,2,AB,B.D170A,-0.549000025,1.246548772,3
1JTD_AB,2,AB,A.E110A,0.037999999,0.602487028,3
1JTD_AB,2,AB,A.V216A,0.037999999,0.741173804,3
1JTD_AB,2,AB,B.S169A,0.151999995,-0.115727887,3
1JTD_AB,2,AB,A.M270A,0.277999997,0.326135188,3
1JTD_AB,2,AB,B.T57A,0.294999987,0.687355816,3
1JTD_AB,2,AB,B.Y113A,0.479999989,1.806707025,3
1JTD_AB,2,AB,A.Q99A,0.518999994,0.678391397,3
1JTD_AB,2,AB,B.L91A,0.666999996,1.303837538,3
1JTD_AB,2,AB,A.N100A,0.800999999,0.825460494,3
1JTD_AB,2,AB,B.Y248A,0.824000001,0.526651204,3
1JTD_AB,2,AB,A.E104A,0.841000021,1.671172023,3
1JTD_AB,2,AB,B.R286A,0.888000011,0.0477072,3
1JTD_AB,2,AB,B.D167A,0.961000025,0.402694762,3
1JTD_AB,2,AB,B.N112A,1.210000038,1.641247511,3
1JTD_AB,2,AB,B.N50A,1.302000046,0.907234013,3
1JTD_AB,2,AB,B.W53A,1.393000007,1.598699093,3
1JTD_AB,2,AB,B.D52A,1.508000016,0.874845326,3
1JTD_AB,2,AB,A.P107A,1.733999968,1.390591979,3
1JTD_AB,2,AB,A.L102A,1.733999968,0.539498806,3
1JTD_AB,2,AB,B.E268A,1.850000024,-1.601558328,3
1JTD_AB,2,AB,B.D131A,1.99000001,0.969106853,3
1JTD_AB,2,AB,B.Y208A,2.02699995,1.403706074,3
1JTD_AB,2,AB,A.K111A,2.144999981,0.417674452,3
1JTD_AB,2,AB,B.F209A,2.200999975,1.175157905,3
1JTD_AB,2,AB,A.Y105A,2.250999928,0.52288568,3
1JTD_AB,2,AB,A.M129A,2.523000002,1.440500975,3
1JTD_AB,2,AB,B.F74A,2.551000118,4.503827095,3
1JTD_AB,2,AB,B.N304A,2.670000076,1.859590173,3
1JTD_AB,2,AB,B.I229A,2.890000105,2.816246033,3
1JTD_AB,2,AB,B.Y73A,3.15199995,2.301005602,3
1JTD_AB,2,AB,B.W152A,3.256000042,2.902133942,3
1JTD_AB,2,AB,B.Y191A,3.299999952,2.628897905,3
1JTD_AB,2,AB,B.F230A,3.961999893,3.630863667,3
1JTD_AB,2,AB,B.W269A,5.811999798,1.95696485,3
1JTG_AB,2,AB,B.D163K,-1.98300004,0.412411451,3
1JTG_AB,2,AB,B.D163A,-1.340999961,0.272228688,3
1JTG_AB,2,AB,A.E110G,-0.912999988,0.591232955,3
1JTG_AB,2,AB,A.K111A,-0.859000027,-0.453543097,4
1JTG_AB,2,AB,A.E110V,-0.671999991,-3.16672945,3
1JTG_AB,2,AB,A.E171K,-0.610000014,-0.651436508,3
1JTG_AB,2,AB,B.V93K,-0.476000011,0.557173491,4
1JTG_AB,2,AB,A.N100A,-0.456,0.142597482,4
1JTG_AB,2,AB,B.N89K,-0.455000013,-0.135584131,4
1JTG_AB,2,AB,A.E239K,-0.411000013,0.131985873,3
1JTG_AB,2,AB,B.Y50A,-0.407000005,-0.291419834,4
1JTG_AB,2,AB,A.V216A,-0.407000005,-0.857701719,4
1JTG_AB,2,AB,A.P107A,-0.382999986,0.197240204,4
1JTG_AB,2,AB,B.S39A,-0.303000003,0.511688888,4
1JTG_AB,2,AB,A.G238S,-0.268000007,0.364813507,3
1JTG_AB,2,AB,A.E168G,-0.170000002,0.001563527,3
1JTG_AB,2,AB,B.S113A,-0.167999998,0.0205859,4
1JTG_AB,2,AB,A.Y105A,-0.167999998,0.719865739,4
1JTG_AB,2,AB,A.R240Y,-0.143000007,-0.419427931,4
1JTG_AB,2,AB,B.E73A,-0.131999999,-0.217267558,3
1JTG_AB,2,AB,A.E168A,-0.072999999,-1.653940082,3
1JTG_AB,2,AB,A.M270A,-0.050999999,0.192976639,4
1JTG_AB,2,AB,B.T140K,-0.014,0.507406414,4
1JTG_AB,2,AB,B.S35A,0,0.226176679,4
1JTG_AB,2,AB,B.Y51A,0,0.228747487,4
1JTG_AB,2,AB,B.R144A,0.108000003,0.072246179,4
1JTG_AB,2,AB,A.K111N,0.180999994,0.370963305,4
1JTG_AB,2,AB,B.T32K,0.199000001,0.322272539,4
1JTG_AB,2,AB,B.G48A,0.199000001,0.314842373,4
1JTG_AB,2,AB,B.S71A,0.35800001,-0.364990115,4
1JTG_AB,2,AB,B.Y143A,0.381999999,0.364520639,4
1JTG_AB,2,AB,A.Q99A,0.430000007,0.131426528,4
1JTG_AB,2,AB,A.P107Q,0.460999995,-0.008972635,4
1JTG_AB,2,AB,B.E73M,0.504999995,-1.872231245,3
1JTG_AB,2,AB,A.M129A,0.739000022,-0.056195378,4
1JTG_AB,2,AB,B.G141A,0.759000003,0.448091179,3
1JTG_AB,2,AB,A.S130A,0.791999996,0.106631026,4
1JTG_AB,2,AB,B.E31A,0.82099998,0.458837301,3
1JTG_AB,2,AB,A.L102A,0.870999992,-0.053808533,4
1JTG_AB,2,AB,A.S235A,1.238999963,0.453052223,4
1JTG_AB,2,AB,A.R243A,1.338999987,2.086985111,4
1JTG_AB,2,AB,A.K234A,1.417000055,2.155254841,4
1JTG_AB,2,AB,A.E104A,1.552999973,2.791082859,3
1JTG_AB,2,AB,A.V103A,1.911000013,0.50602448,4
1JTG_AB,2,AB,B.Y53A,2.076999903,1.324266195,4
1JTG_AB,2,AB,B.R160A,2.221999884,0.595701694,4
1JTG_AB,2,AB,B.W162A,2.34100008,2.514247179,4
1JTG_AB,2,AB,B.D49A,2.561000109,0.096280396,3
1JTG_AB,2,AB,B.H148A,2.747999907,1.370673418,4
1JTG_AB,2,AB,B.W112A,3.010999918,1.685496569,4
1JTG_AB,2,AB,B.F36A,3.200999975,3.860632181,3
1JTG_AB,2,AB,B.H41A,3.25,2.456465244,4
1JTG_AB,2,AB,B.F142A,3.378999949,1.101332545,3
1JTG_AB,2,AB,B.K74A,3.559999943,-0.374551833,4
1JTG_AB,2,AB,A.E104D,3.644000053,1.242910981,3
1JTG_AB,2,AB,A.E110A,4.061999798,-0.401849955,3
1JTG_AB,2,AB,A.E104K,4.235000134,1.868963361,3
1JTG_AB,2,AB,B.W150A,4.254000187,3.145983219,4
1K8R_AB,2,AB,A.E31K,0.171000004,0.843163133,4
1K8R_AB,2,AB,A.E37A,0.305999994,1.677125335,4
1K8R_AB,2,AB,A.E63A,0.409999996,0.83509165,4
1K8R_AB,2,AB,A.E62A,0.409999996,0.301807612,4
1K8R_AB,2,AB,B.K93A,0.587000012,1.931603551,4
1K8R_AB,2,AB,A.S39A,0.714999974,1.463181257,4
1K8R_AB,2,AB,B.R159A,0.714999974,0.269053429,4
1K8R_AB,2,AB,A.R41A,1.179999948,1.524094582,4
1K8R_AB,2,AB,A.D57A,1.179999948,0.320739418,4
1K8R_AB,2,AB,B.R160A,1.437000036,1.109655499,4
1K8R_AB,2,AB,A.Y40F,1.491999984,2.008357525,4
1K8R_AB,2,AB,A.D33A,1.534999967,0.251513809,4
1K8R_AB,2,AB,A.D38A,1.712000012,1.579245329,4
1K8R_AB,2,AB,B.Q81A,1.797999978,1.876513243,4
1K8R_AB,2,AB,A.D38N,1.896000028,0.659253538,4
1K8R_AB,2,AB,B.K101A,2.727999926,0.182649255,4
1K8R_AB,2,AB,B.R83A,2.801000118,1.062758088,4
1K8R_AB,2,AB,A.D38E,3.437999964,1.038987398,4
1K8R_AB,2,AB,A.Y40C,3.437999964,1.510148287,4
1KAC_AB,2,AB,A.S489Y,-1.253000021,-0.153099939,4
1KAC_AB,2,AB,A.P417S,-0.792999983,0.54119432,4
1KBH_AB,2,AB,A.L37W,-0.851,-0.652112,4
1KBH_AB,2,AB,A.Q3W,-0.138,-0.15888,4
1KBH_AB,2,AB,B.Y98W,-0.596,-0.37907,4
1KIP_ABC,3,ABC,B.A32Y,-0.800999999,-0.035106052,4
1KIQ_ABC,3,ABC,B.F101Y,-2.496000051,0.654857218,4
1KIR_ABC,3,ABC,A.S50Y,-1.388000011,-0.241714239,4
1KNE_AP,2,AP,A.K46A,-1.268000007,0.466845214,4
1KNE_AP,2,AP,A.D62F,-0.616999984,0.318232477,4
1KNE_AP,2,AP,A.A25T,-0.377000004,0.000912194,4
1KNE_AP,2,AP,A.D62K,-0.377000004,0.838366985,4
1KNE_AP,2,AP,P.T6K,-0.31400001,0.818904281,4
1KNE_AP,2,AP,A.A25F,-0.115000002,0.244323105,4
1KNE_AP,2,AP,A.A25L,0,0.237034246,4
1KNE_AP,2,AP,P.T6F,0.096000001,0.396776319,4
1KNE_AP,2,AP,P.T6L,0.203999996,0.054609545,4
1KNE_AP,2,AP,P.T6I,0.273999989,0.629492939,4
1KNE_AP,2,AP,A.D62I,0.460999995,0.223414466,4
1KNE_AP,2,AP,A.D62T,0.492000014,0.678421795,4
1KNE_AP,2,AP,A.A25K,0.894999981,0.908691466,4
1KTZ_AB,2,AB,B.S52A,0.216999993,0.992507279,4
1KTZ_AB,2,AB,A.V92I,0.243000001,0.667636037,4
1KTZ_AB,2,AB,B.N47A,0.284999996,-0.039252143,4
1KTZ_AB,2,AB,B.H79A,0.296000004,0.346453249,4
1KTZ_AB,2,AB,B.S49A,0.326999992,1.146680474,4
1KTZ_AB,2,AB,B.V77A,0.414999992,0.505524278,4
1KTZ_AB,2,AB,B.I125A,0.538999975,0.463729769,4
1KTZ_AB,2,AB,B.V62A,0.648000002,0.822528541,4
1KTZ_AB,2,AB,B.D118A,0.814999998,0.539142311,4
1KTZ_AB,2,AB,B.M112A,0.870999992,0.236501902,4
1KTZ_AB,2,AB,B.F110A,0.931999981,1.128033876,4
1KTZ_AB,2,AB,B.E75A,1.080000043,0.092344038,4
1KTZ_AB,2,AB,A.R25K,1.15199995,0.829534948,4
1KTZ_AB,2,AB,B.E55A,1.217000008,0.822101116,4
1KTZ_AB,2,AB,B.I53A,1.370000005,1.12916851,4
1KTZ_AB,2,AB,A.R25A,1.481999993,0.746432006,4
1KTZ_AB,2,AB,B.E119A,1.493999958,1.021936774,4
1KTZ_AB,2,AB,B.T51A,1.514000058,0.589286149,4
1KTZ_AB,2,AB,B.D32A,1.521999955,0.875568092,4
1KTZ_AB,2,AB,B.E119Q,1.626999974,-0.494968176,4
1KTZ_AB,2,AB,B.L27A,1.825000048,0.729709923,4
1KTZ_AB,2,AB,B.I50A,1.896000028,1.826575637,4
1KTZ_AB,2,AB,B.D32N,2,0.797069609,4
1KTZ_AB,2,AB,A.R94K,2.200999975,1.626957893,4
1KTZ_AB,2,AB,A.R94A,2.884000063,0.522056341,4
1KTZ_AB,2,AB,B.F30A,2.980000019,0.667405188,4
1KTZ_AB,2,AB,B.S52L,4.038000107,0.19533658,4
1LFD_ABCD,2,AB,A.D94K,-0.90200001,0.878142476,4
1LFD_ABCD,2,AB,A.D51K,-0.90200001,0.485150278,4
1LFD_ABCD,2,AB,A.D51A,-0.601000011,0.579525292,4
1LFD_ABCD,2,AB,B.S239A,-0.600000024,0.669036031,4
1LFD_ABCD,2,AB,A.L23K,-0.501999974,0.463262588,4
1LFD_ABCD,2,AB,A.D58K,-0.501999974,-0.274069309,4
1LFD_ABCD,2,AB,A.N92K,-0.400999993,0.177782953,4
1LFD_ABCD,2,AB,A.E57A,-0.400999993,-0.370992541,4
1LFD_ABCD,2,AB,A.M30K,-0.400999993,0.05893787,4
1LFD_ABCD,2,AB,A.D56A,-0.400999993,-1.031475782,4
1LFD_ABCD,2,AB,B.Y232W,-0.210999995,0.512622356,4
1LFD_ABCD,2,AB,A.N54K,-0.101000004,0.264987618,4
1LFD_ABCD,2,AB,A.E57K,-0.101000004,0.135641292,4
1LFD_ABCD,2,AB,A.L55K,0,0.237263292,4
1LFD_ABCD,2,AB,B.E262A,0.191,0.078145027,4
1LFD_ABCD,2,AB,A.Y93K,0.199000001,0.341939539,4
1LFD_ABCD,2,AB,B.E263A,0.286000013,0.961844325,4
1LFD_ABCD,2,AB,A.K48A,0.296999991,0.223796874,4
1LFD_ABCD,2,AB,A.N29A,0.301999986,0.360432893,4
1LFD_ABCD,2,AB,A.N27K,0.398000002,0.195036054,4
1LFD_ABCD,2,AB,B.V229A,0.477999985,1.174440861,4
1LFD_ABCD,2,AB,A.S33A,0.800999999,0.848855734,4
1LFD_ABCD,2,AB,A.S22K,0.898000002,-0.01791065,4
1LFD_ABCD,2,AB,B.Q225A,0.901000023,0.497638375,4
1LFD_ABCD,2,AB,B.R241A,0.901000023,0.919210613,4
1LFD_ABCD,2,AB,A.Y31F,1,1.584070683,4
1LFD_ABCD,2,AB,A.N27A,1,0.708379507,4
1LFD_ABCD,2,AB,A.H53A,1,0.611417234,4
1LFD_ABCD,2,AB,A.I18A,1,0.678640723,4
1LFD_ABCD,2,AB,B.D233A,1.100999951,0.740479708,4
1LFD_ABCD,2,AB,B.E237A,1.151000023,2.797389269,4
1LFD_ABCD,2,AB,A.K32A,1.496999979,-0.355921835,4
1LFD_ABCD,2,AB,A.R20A,1.598999977,1.937752843,4
1LFD_ABCD,2,AB,A.K52A,1.799999952,-0.015241165,4
1LFD_ABCD,2,AB,B.Y240F,2.301000118,0.591596603,4
1LFD_ABCD,2,AB,A.Y31A,3.459000111,1.246134758,4
1LFD_ABCD,2,AB,B.Y240A,3.555000067,1.57389462,4
1LFD_ABCD,2,AB,B.D238A,3.746999979,1.978519201,4
1LP9_ABCEFHIJLM,5,ABCEF,A.T163A,-0.404000014,-0.032294333,4
1LP9_ABCEFHIJLM,5,ABCEF,A.W167A,0.298999995,1.387630701,4
1LP9_ABCEFHIJLM,5,ABCEF,A.K66A,0.727999985,1.088559508,4
1M9E_ABCD,2,AD,D.A87H,-1.00999999,-0.669048488,4
1MAH_AF,2,AF,A.Y337A,0.356999993,0.669362485,4
1MAH_AF,2,AF,A.F297Y,0.731000006,0.16290921,4
1MAH_AF,2,AF,A.F338G,0.731000006,0.435377419,4
1MAH_AF,2,AF,A.F295L,1.149000049,0.931710958,4
1MAH_AF,2,AF,A.D74N,1.735000014,1.001679063,4
1MAH_AF,2,AF,A.F297I,1.90199995,0.522350192,4
1MAH_AF,2,AF,A.Y124Q,2.773000002,0.857148111,4
1MAH_AF,2,AF,A.Y72N,4.815999985,-0.642555356,4
1MAH_AF,2,AF,A.W286R,8.130999565,0.891715348,4
1MHP_AHL,3,AHL,L.S28Q,-0.540000021,1.071688771,4
1MHP_AHL,3,AHL,H.T50V,-0.263000011,0.721727073,4
1MHP_AHL,3,AHL,L.N52E,-0.177000001,0.448220015,4
1MHP_AHL,3,AHL,H.K64Q,-0.155000001,0.638388455,4
1MHP_AHL,3,AHL,H.K64E,-0.155000001,0.603644669,4
1MHP_AHL,3,AHL,H.K64D,-0.123000003,0.357633382,4
1MHP_AHL,3,AHL,H.L60D,-0.123000003,0.794973195,4
1MHP_AHL,3,AHL,L.N52Y,-0.103,0.917167723,4
1MHP_AHL,3,AHL,H.K64N,-0.072999999,0.724027574,4
1MHP_AHL,3,AHL,L.S24R,-0.067000002,0.811894834,4
1MHP_AHL,3,AHL,H.F99W,0,0.249258131,4
1MHP_AHL,3,AHL,H.G54Y,0,0.252760679,4
1MHP_AHL,3,AHL,H.G100M,0.101999998,1.136807442,4
1MHP_AHL,3,AHL,H.T33V,0.435000002,1.285722136,4
1MHP_AHL,3,AHL,L.N52D,0.500999987,1.628932714,4
1MHP_AHL,3,AHL,L.G92S,0.513000011,1.219770789,4
1MHP_AHL,3,AHL,H.G53A,0.513000011,0.745740652,4
1MHP_AHL,3,AHL,H.Y59E,0.54400003,1.162434101,4
1MHP_AHL,3,AHL,H.G100S,0.558000028,0.455056459,4
1MHP_AHL,3,AHL,H.G100F,0.574000001,0.688045204,4
1MHP_AHL,3,AHL,L.N52K,0.657999992,0.719433665,4
1MHP_AHL,3,AHL,H.G53S,0.675999999,0.327418059,4
1MHP_AHL,3,AHL,L.L49F,0.713,0.447633803,4
1MHP_AHL,3,AHL,H.F99Y,0.754999995,0.000779146,4
1MHP_AHL,3,AHL,H.Y58W,0.82099998,0.501013458,4
1MHP_AHL,3,AHL,L.N52R,0.845000029,0.474187016,4
1MHP_AHL,3,AHL,L.L49K,0.925000012,1.093358278,4
1MHP_AHL,3,AHL,L.N30V,1.049999952,0.935568631,4
1MHP_AHL,3,AHL,L.H31R,1.123999953,0.691308916,4
1MHP_AHL,3,AHL,H.G54T,1.164999962,0.520970345,4
1MHP_AHL,3,AHL,L.H31K,1.164999962,0.82295233,4
1MHP_AHL,3,AHL,L.H31W,1.256000042,1.624495268,4
1MHP_AHL,3,AHL,H.G53N,1.256000042,1.360343456,4
1MHP_AHL,3,AHL,H.R31Q,1.307999969,0.484505415,4
1MHP_AHL,3,AHL,H.G54I,1.363999963,0.542031467,4
1MHP_AHL,3,AHL,L.G92Q,1.572999954,0.690749168,4
1MHP_AHL,3,AHL,L.N30W,1.572999954,0.789029896,4
1MHP_AHL,3,AHL,H.S35A,1.572999954,1.000574231,4
1MHP_AHL,3,AHL,L.S91Q,1.774999976,0.927174866,4
1MHP_AHL,3,AHL,L.L49W,1.907999992,0.823528945,4
1MHP_AHL,3,AHL,L.N30Y,1.907999992,0.854978561,4
1MHP_AHL,3,AHL,H.S52M,2.076999903,1.42739296,4
1MHP_AHL,3,AHL,H.Y58Q,2.076999903,2.068997145,4
1MHP_AHL,3,AHL,H.Y58E,2.076999903,1.926381111,4
1MHP_AHL,3,AHL,L.W90Q,2.076999903,1.527467728,4
1MHP_AHL,3,AHL,L.S91T,2.318000078,0.537683845,4
1MHP_AHL,3,AHL,H.G100L,2.727999926,0.473004162,4
1MHP_AHL,3,AHL,H.S35Q,2.727999926,0.494881898,4
1MHP_AHL,3,AHL,H.T33N,2.727999926,0.682712257,4
1MHP_AHL,3,AHL,L.S91R,2.727999926,0.611313641,4
1MI5_ABCDE,5,ABCDE,E.S95A,-0.611999989,-0.193601146,4
1MI5_ABCDE,5,ABCDE,D.T51A,-0.558000028,0.721809685,4
1MI5_ABCDE,5,ABCDE,E.N51A,-0.432999998,0.497239232,4
1MI5_ABCDE,5,ABCDE,E.G28A,-0.289000005,0.741701543,4
1MI5_ABCDE,5,ABCDE,E.Q50A,-0.07,0.627494991,4
1MI5_ABCDE,5,ABCDE,D.S28A,-0.039000001,0.071059868,4
1MI5_ABCDE,5,ABCDE,D.N54A,-0.018999999,0.237945661,4
1MI5_ABCDE,5,ABCDE,E.S27A,0.032000002,0.022467405,4
1MI5_ABCDE,5,ABCDE,D.S25A,0.100000001,1.076742291,4
1MI5_ABCDE,5,ABCDE,E.L96A,0.115999997,0.587791979,4
1MI5_ABCDE,5,ABCDE,E.E105A,0.119999997,0.588166237,4
1MI5_ABCDE,5,ABCDE,E.Y107A,0.25999999,0.541478932,4
1MI5_ABCDE,5,ABCDE,D.T26A,0.25999999,0.034356069,4
1MI5_ABCDE,5,ABCDE,E.V30A,0.293000013,0.585185051,4
1MI5_ABCDE,5,ABCDE,E.S94A,0.301999986,0.614697099,4
1MI5_ABCDE,5,ABCDE,D.Y31A,0.449999988,0.743256807,4
1MI5_ABCDE,5,ABCDE,D.S52A,0.481999993,-0.468993545,4
1MI5_ABCDE,5,ABCDE,D.T30A,0.588,0.460523248,4
1MI5_ABCDE,5,ABCDE,D.A95G,0.60799998,0.070616201,4
1MI5_ABCDE,5,ABCDE,D.G96A,0.763999999,0.541796446,4
1MI5_ABCDE,5,ABCDE,E.E52A,0.819000006,0.444215626,4
1MI5_ABCDE,5,ABCDE,D.S99A,0.827000022,0.733585596,4
1MI5_ABCDE,5,ABCDE,D.T98A,0.943000019,0.464347601,4
1MI5_ABCDE,5,ABCDE,E.S31A,1.06400001,0.2017712,4
1MI5_ABCDE,5,ABCDE,D.H48A,1.116999984,1.359443903,4
1MI5_ABCDE,5,ABCDE,E.A99G,1.231999993,0.093206629,4
1MI5_ABCDE,5,ABCDE,D.G97A,1.231999993,0.165205002,4
1MI5_ABCDE,5,ABCDE,D.P93A,1.231999993,0.776095331,4
1MI5_ABCDE,5,ABCDE,D.H33A,1.231999993,0.352478802,4
1MI5_ABCDE,5,ABCDE,D.K103A,1.231999993,0.449797183,4
1MI5_ABCDE,5,ABCDE,E.Q106A,1.231999993,0.809905887,4
1MI5_ABCDE,5,ABCDE,E.G97A,1.231999993,0.288903147,4
1MI5_ABCDE,5,ABCDE,E.Q98A,1.231999993,0.969952881,4
1MI5_ABCDE,5,ABCDE,D.Y100A,1.231999993,0.993364453,4
1MI5_ABCDE,5,ABCDE,D.G102A,1.231999993,0.252922386,4
1MI5_ABCDE,5,ABCDE,D.L94A,1.231999993,0.770504057,4
1MI5_ABCDE,5,ABCDE,D.L50A,1.231999993,0.637297034,4
1MI5_ABCDE,5,ABCDE,E.Y100A,1.231999993,1.037348151,4
1MI5_renum_ABCDE,5,ABCDE,D.D29A,1.231999993,0.102901712,4
1MLC_ABCDEF,3,ABE,A.N92A,-1.253999949,1.320210338,4
1MLC_ABCDEF,3,ABE,A.N32G,-0.878000021,1.449042439,4
1MLC_ABCDEF,3,ABE,B.T58D,-0.560000002,0.788771272,4
1MLC_ABCDEF,3,ABE,B.S57V,-0.493999988,0.462160736,4
1MLC_ABCDEF,3,ABE,B.S57A,-0.379000008,0.656027555,4
1MLC_ABCDEF,3,ABE,B.T28D,-0.150999993,-1.389124513,4
1MLC_ABCDEF,3,ABE,A.N32Y,0,0.265615284,4
1MLC_ABCDEF,3,ABE,B.K65D,0.018999999,-0.017160498,4
1MLC_ABCDEF,3,ABE,B.T31W,0.131999999,-0.240198225,4
1MLC_ABCDEF,3,ABE,B.T31A,0.446999997,-0.369108021,4
1MLC_ABCDEF,3,ABE,B.T31V,0.526000023,-0.645091414,4
1N8O_ABCE,4,ABCE,E.M84L,-0.061999999,-0.062688507,4
1N8O_ABCE,4,ABCE,E.M84R,1.348999977,0.506255984,4
1N8O_ABCE,4,ABCE,E.M84K,1.460000038,1.798153281,4
1N8Z_ABC,3,ABC,B.D102W,-0.68599999,0.119633004,4
1N8Z_ABC,3,ABC,C.L525A,-0.023,0.379727542,4
1N8Z_ABC,3,ABC,C.V552A,0.009,-0.785724759,4
1N8Z_ABC,3,ABC,C.S551A,0.030999999,-0.089395843,4
1N8Z_ABC,3,ABC,A.H91F,0.033,0.398282945,4
1N8Z_ABC,3,ABC,C.F555A,0.035,0.667560995,4
1N8Z_ABC,3,ABC,A.N30S,0.064000003,0.393400788,4
1N8Z_ABC,3,ABC,B.Y109V,0.223000005,0.377033144,4
1N8Z_ABC,3,ABC,A.T94S,0.308999985,2.000313759,4
1N8Z_ABC,3,ABC,B.Y105F,0.82099998,0.765279353,4
1N8Z_ABC,3,ABC,B.R59A,1.774999976,1.221411109,4
1N8Z_ABC,3,ABC,B.R50A,2.927999973,1.070988297,4
1NCA_HLN,3,HLN,H.N31Q,0,0.26751408,4
1NCA_HLN,3,HLN,H.E96D,0.411000013,0.307240337,4
1NCA_HLN,3,HLN,H.N98Q,0.542999983,0.41644603,4
1NCA_HLN,3,HLN,H.D97K,0.713999987,0.186086893,4
1NMB_HLN,3,HLN,L.T93F,-0.024,-0.023602914,4
1NMB_HLN,3,HLN,L.T93W,0.184,0.479565352,4
1NMB_HLN,3,HLN,L.Y32F,0.467000008,0.746730149,4
1NMB_HLN,3,HLN,L.L94V,0.899999976,0.351216137,4
1NMB_HLN,3,HLN,H.Y99A,2.14199996,1.051791191,4
1NMB_HLN,3,HLN,H.D56E,2.954999924,0.703327954,4
1NMB_HLN,3,HLN,H.D56N,2.954999924,0.723166287,4
1NMB_renum_HLN,3,HLN,H.Y105F,1.419999957,0.314480692,4
1OGA_ABCDE,5,ABCDE,A.Q72A,-0.460000008,0.575185537,4
1OGA_ABCDE,5,ABCDE,A.R65A,-0.36500001,1.671834111,4
1OGA_ABCDE,5,ABCDE,A.V67A,-0.138999999,0.335235745,4
1OGA_ABCDE,5,ABCDE,E.S99A,-0.035,0.170126185,4
1OGA_ABCDE,5,ABCDE,A.Q43A,-0.024,0.445591241,4
1OGA_ABCDE,5,ABCDE,A.K66A,-0.024,0.292263657,4
1OGA_ABCDE,5,ABCDE,A.E63A,-0.017999999,0.550983012,4
1OGA_ABCDE,5,ABCDE,A.H151A,0,0.26888296,4
1OGA_ABCDE,5,ABCDE,E.Q58E,0,0.272377312,4
1OGA_ABCDE,5,ABCDE,A.E58A,0.112999998,-0.024890231,4
1OGA_ABCDE,5,ABCDE,A.D61A,0.118000001,0.34224242,4
1OGA_ABCDE,5,ABCDE,A.A149G,0.123000003,0.404132694,4
1OGA_ABCDE,5,ABCDE,E.D56A,0.131999999,0.100838646,4
1OGA_ABCDE,5,ABCDE,A.A158G,0.133000001,0.314902484,4
1OGA_ABCDE,5,ABCDE,A.T64A,0.186000004,-0.051342644,4
1OGA_ABCDE,5,ABCDE,A.T80A,0.194999993,0.407480061,4
1OGA_ABCDE,5,ABCDE,E.I53V,0.201000005,0.746362567,4
1OGA_ABCDE,5,ABCDE,E.Y101A,0.232999995,-0.372758836,4
1OGA_ABCDE,5,ABCDE,A.K68A,0.247999996,0.171080574,4
1OGA_ABCDE,5,ABCDE,A.T163A,0.321999997,0.618282318,4
1OGA_ABCDE,5,ABCDE,A.A69G,0.426999986,1.321516633,4
1OGA_ABCDE,5,ABCDE,A.A150G,0.449000001,0.174016535,4
1OGA_ABCDE,5,ABCDE,A.Q155A,0.488999993,0.376638114,4
1OGA_ABCDE,5,ABCDE,E.N55D,0.495000005,-0.315645784,4
1OGA_ABCDE,5,ABCDE,E.Y101F,0.495000005,0.291270077,4
1OGA_ABCDE,5,ABCDE,E.Q58A,0.495000005,0.097688735,4
1OGA_ABCDE,5,ABCDE,A.H70A,0.518000007,2.929640293,4
1OGA_ABCDE,5,ABCDE,A.H74A,0.603999972,0.490568221,4
1OGA_ABCDE,5,ABCDE,A.E154A,0.611999989,0.652546465,4
1OGA_ABCDE,5,ABCDE,D.S31A,0.628000021,0.580219567,4
1OGA_ABCDE,5,ABCDE,A.R75A,0.711000025,1.033875823,4
1OGA_ABCDE,5,ABCDE,A.T73A,0.848999977,0.634191573,4
1OGA_ABCDE,5,ABCDE,A.V76A,0.871999979,-0.095884174,4
1OGA_ABCDE,5,ABCDE,D.Q34A,0.976000011,1.373184919,4
1OGA_ABCDE,5,ABCDE,D.S32A,1.037999988,0.216321602,4
1OGA_ABCDE,5,ABCDE,E.N55A,1.129999995,0.450975269,4
1OGA_ABCDE,5,ABCDE,A.V152A,1.394000053,0.703906357,4
1OGA_ABCDE,5,ABCDE,E.I53L,1.41900003,0.769505262,4
1OGA_ABCDE,5,ABCDE,E.D32A,1.572999954,3.106998205,4
1OGA_ABCDE,5,ABCDE,A.K146A,1.930999994,0.717884481,4
1OGA_ABCDE,5,ABCDE,E.R98H,2.161999941,1.545591354,4
1OGA_ABCDE,5,ABCDE,E.R98A,2.161999941,1.47486043,4
1OGA_ABCDE,5,ABCDE,E.Q52A,2.161999941,1.406291127,4
1OGA_ABCDE,5,ABCDE,E.I53N,2.161999941,0.868065178,4
1OGA_ABCDE,5,ABCDE,E.D32S,2.161999941,0.475412667,4
1OGA_ABCDE,5,ABCDE,E.Q52E,2.161999941,1.419252038,4
1OGA_ABCDE,5,ABCDE,E.I53G,2.161999941,0.8372823,4
1OGA_ABCDE,5,ABCDE,E.I53A,2.161999941,0.821492672,4
1P69_AB,2,AB,A.S417P,0.792999983,1.912211776,4
1P6A_AB,2,AB,A.Y489S,1.253000021,-0.391500711,4
1PPF_EI,2,EI,I.N36D,-3.078000069,-0.376432955,5
1PPF_EI,2,EI,I.N36P,-2.960000038,-0.230462313,5
1PPF_EI,2,EI,I.P14L,-2.923000097,-1.031590343,5
1PPF_EI,2,EI,I.P14C,-2.005000114,-1.105643153,5
1PPF_EI,2,EI,I.P14W,-2.005000114,-0.868875742,5
1PPF_EI,2,EI,I.P14F,-1.856999993,-2.062164545,5
1PPF_EI,2,EI,I.P14H,-1.766000032,-0.615802348,5
1PPF_EI,2,EI,I.P14I,-1.651000023,-1.138514042,5
1PPF_EI,2,EI,I.N36A,-1.646000028,-0.204971001,5
1PPF_EI,2,EI,I.P14M,-1.574000001,-1.378987789,5
1PPF_EI,2,EI,I.P14V,-1.524999976,-1.316947937,5
1PPF_EI,2,EI,I.P14E,-1.42900002,-1.304854512,5
1PPF_EI,2,EI,I.N36S,-1.345999956,-2.20107913,5
1PPF_EI,2,EI,I.N36E,-1.018000007,0.849215746,5
1PPF_EI,2,EI,I.R21F,-0.981000006,0.49408251,5
1PPF_EI,2,EI,I.P14Y,-0.963,-1.112581372,5
1PPF_EI,2,EI,I.R21L,-0.859000027,-0.022752477,5
1PPF_EI,2,EI,I.P14Q,-0.81099999,-0.669925332,5
1PPF_EI,2,EI,I.R21I,-0.81099999,-0.142834529,5
1PPF_EI,2,EI,I.R21M,-0.75999999,0.398277432,5
1PPF_EI,2,EI,I.L18I,-0.73299998,4.569749355,5
1PPF_EI,2,EI,I.A15C,-0.674000025,0.081994802,4
1PPF_EI,2,EI,I.P14N,-0.640999973,0.263273656,4
1PPF_EI,2,EI,I.A15W,-0.640999973,-0.298805237,4
1PPF_EI,2,EI,I.K13R,-0.640999973,-0.217120886,5
1PPF_EI,2,EI,I.P14S,-0.572000027,0.229574293,5
1PPF_EI,2,EI,I.N36G,-0.572000027,-0.569617867,5
1PPF_EI,2,EI,I.N36H,-0.532999992,-0.062403057,5
1PPF_EI,2,EI,I.R21W,-0.532999992,0.73826766,5
1PPF_EI,2,EI,I.P14D,-0.493000001,0.556678534,5
1PPF_EI,2,EI,I.R21H,-0.493000001,0.919190586,5
1PPF_EI,2,EI,I.L18V,-0.493000001,0.516063094,5
1PPF_EI,2,EI,I.P14K,-0.449000001,-0.193878815,5
1PPF_EI,2,EI,I.A15M,-0.400999993,0.349255294,4
1PPF_EI,2,EI,I.R21V,-0.349999994,0.023621164,5
1PPF_EI,2,EI,I.P14T,-0.263999999,1.850547075,4
1PPF_EI,2,EI,I.A15R,-0.263999999,0.377771556,5
1PPF_EI,2,EI,I.A15Y,-0.185000002,0.986449361,4
1PPF_EI,2,EI,I.P14R,-0.137999997,0.771980107,5
1PPF_EI,2,EI,I.P14A,-0.123999998,0.376710445,5
1PPF_EI,2,EI,I.L18C,-0.090000004,0.30556345,4
1PPF_EI,2,EI,I.R21C,-0.081,0.083373569,5
1PPF_EI,2,EI,I.A15F,-0.072999999,0.824567258,4
1PPF_EI,2,EI,I.R21Q,-0.017999999,0.593510807,5
1PPF_EI,2,EI,I.R21T,-0.017999999,0.647744179,5
1PPF_EI,2,EI,I.A15L,0.017999999,-0.251861304,4
1PPF_EI,2,EI,I.P14G,0.093000002,0.460156381,5
1PPF_EI,2,EI,I.A15E,0.105999999,0.470888287,4
1PPF_EI,2,EI,I.K13T,0.165999994,-0.263847321,4
1PPF_EI,2,EI,I.A15V,0.208000004,0.197325483,4
1PPF_EI,2,EI,I.K13M,0.208000004,0.329310745,4
1PPF_EI,2,EI,I.R21A,0.208000004,0.402856529,5
1PPF_EI,2,EI,I.R21D,0.208000004,0.614223063,5
1PPF_EI,2,EI,I.R21Y,0.221000001,0.869348288,5
1PPF_EI,2,EI,I.Y20W,0.234999999,0.480156213,4
1PPF_EI,2,EI,I.G32A,0.234999999,0.336099654,5
1PPF_EI,2,EI,I.K13Q,0.25,1.288247108,4
1PPF_EI,2,EI,I.A15Q,0.25,0.520168543,4
1PPF_EI,2,EI,I.G32P,0.263999999,2.528902531,4
1PPF_EI,2,EI,I.A15I,0.328999996,-0.12769115,4
1PPF_EI,2,EI,I.R21N,0.328999996,0.382503599,5
1PPF_EI,2,EI,I.N36V,0.345999986,0.339665264,5
1PPF_EI,2,EI,I.N36Q,0.382999986,0.756714344,5
1PPF_EI,2,EI,I.K13L,0.40200001,0.286771923,4
1PPF_EI,2,EI,I.R21S,0.419999987,0.468352884,5
1PPF_EI,2,EI,I.K13S,0.460999995,1.179531217,4
1PPF_EI,2,EI,I.R21E,0.460999995,1.46201551,5
1PPF_EI,2,EI,I.Y20F,0.481999993,0.106720097,5
1PPF_EI,2,EI,I.K13Y,0.505999982,1.228186965,4
1PPF_EI,2,EI,I.N36T,0.552999973,0.14227584,4
1PPF_EI,2,EI,I.A15H,0.552999973,0.095304087,5
1PPF_EI,2,EI,I.E19D,0.578000009,0.735709965,4
1PPF_EI,2,EI,I.R21G,0.578000009,1.996390224,5
1PPF_EI,2,EI,I.R21K,0.605000019,1.273335695,5
1PPF_EI,2,EI,I.N36C,0.605000019,0.242030472,5
1PPF_EI,2,EI,I.K13I,0.630999982,0.878168225,4
1PPF_EI,2,EI,I.K13D,0.630999982,-0.206434414,4
1PPF_EI,2,EI,I.K13N,0.660000026,0.920014143,4
1PPF_EI,2,EI,I.E19Q,0.660000026,0.632733643,4
1PPF_EI,2,EI,I.E19H,0.689999998,0.679680228,4
1PPF_EI,2,EI,I.E19I,0.72299999,-0.137483329,4
1PPF_EI,2,EI,I.K13A,0.755999982,0.406022757,4
1PPF_EI,2,EI,I.A15S,0.755999982,0.3786906,4
1PPF_EI,2,EI,I.K13W,0.83099997,0.244624645,4
1PPF_EI,2,EI,I.N36I,0.871999979,1.028793573,4
1PPF_EI,2,EI,I.K13V,0.871999979,0.705366075,5
1PPF_EI,2,EI,I.A15N,0.915000021,1.170423269,4
1PPF_EI,2,EI,I.G32S,0.915000021,1.991068006,4
1PPF_EI,2,EI,I.L18T,0.915000021,3.162200689,5
1PPF_EI,2,EI,I.K13F,0.963,0.560127318,4
1PPF_EI,2,EI,I.K13C,0.963,0.431979746,4
1PPF_EI,2,EI,I.A15T,0.963,0.392362237,4
1PPF_EI,2,EI,I.K13H,1.014999986,0.001203486,4
1PPF_EI,2,EI,I.N36M,1.07099998,2.873463154,4
1PPF_EI,2,EI,I.E19L,1.07099998,0.530196726,4
1PPF_EI,2,EI,I.L18A,1.07099998,1.004694343,5
1PPF_EI,2,EI,I.A15K,1.128000021,0.69664979,4
1PPF_EI,2,EI,I.K13E,1.133000016,0.125281438,4
1PPF_EI,2,EI,I.A15G,1.138000011,0.79082787,4
1PPF_EI,2,EI,I.A15D,1.138000011,0.738177359,4
1PPF_EI,2,EI,I.E19M,1.149000049,1.702391148,4
1PPF_EI,2,EI,I.E19V,1.159000039,1.110618591,4
1PPF_EI,2,EI,I.G32C,1.17900002,1.644887447,4
1PPF_EI,2,EI,I.E19A,1.202999949,1.502471685,4
1PPF_EI,2,EI,I.G32Y,1.202999949,1.925948501,4
1PPF_EI,2,EI,I.E19N,1.213000059,0.489892304,4
1PPF_EI,2,EI,I.K13G,1.248999953,1.065304399,4
1PPF_EI,2,EI,I.E19Y,1.248999953,0.302156895,4
1PPF_EI,2,EI,I.L18M,1.258000016,1.386851907,5
1PPF_EI,2,EI,I.K13P,1.266000032,0.62887007,4
1PPF_EI,2,EI,I.E19F,1.363999963,0.563749552,4
1PPF_EI,2,EI,I.Y20L,1.375,1.075140953,5
1PPF_EI,2,EI,I.E19C,1.402999997,1.70519805,4
1PPF_EI,2,EI,I.G32E,1.457999945,2.275640488,4
1PPF_EI,2,EI,I.G32F,1.481999993,1.531353235,4
1PPF_EI,2,EI,I.T17V,1.481999993,2.714875698,4
1PPF_EI,2,EI,I.T17I,1.481999993,1.760032535,5
1PPF_EI,2,EI,I.E19R,1.481999993,1.359514952,5
1PPF_EI,2,EI,I.T17S,1.504999995,1.954640627,4
1PPF_EI,2,EI,I.E19T,1.504999995,0.001359327,4
1PPF_EI,2,EI,I.G32H,1.504999995,1.518730164,5
1PPF_EI,2,EI,I.E19W,1.529999971,1.14525938,4
1PPF_EI,2,EI,I.G32N,1.613999963,1.491477728,4
1PPF_EI,2,EI,I.G32W,1.644000053,1.522407532,4
1PPF_EI,2,EI,I.N36Y,1.677000046,2.988307953,5
1PPF_EI,2,EI,I.T17H,1.694000006,2.745462894,5
1PPF_EI,2,EI,I.T17F,1.710000038,2.375602484,5
1PPF_EI,2,EI,I.N36W,1.722000003,0.442491919,5
1PPF_EI,2,EI,I.N36F,1.845999956,1.300921082,4
1PPF_EI,2,EI,I.E19S,1.845999956,0.527261317,5
1PPF_EI,2,EI,I.N36R,1.870000005,1.731188893,5
1PPF_EI,2,EI,I.T17Q,1.968999982,3.95979023,5
1PPF_EI,2,EI,I.A15P,1.995000005,1.432747126,4
1PPF_EI,2,EI,I.T17C,2.086999893,2.325425863,5
1PPF_EI,2,EI,I.E19G,2.121000051,2.357244253,4
1PPF_EI,2,EI,I.E19K,2.121000051,2.717358589,4
1PPF_EI,2,EI,I.G32M,2.194999933,2.834807873,4
1PPF_EI,2,EI,I.T17W,2.194999933,3.022238016,5
1PPF_EI,2,EI,I.T17L,2.279999971,1.298367381,5
1PPF_EI,2,EI,I.Y20H,2.378999949,2.48633194,5
1PPF_EI,2,EI,I.T17Y,2.480999947,1.480666995,5
1PPF_EI,2,EI,I.G32D,2.496999979,0.323122293,4
1PPF_EI,2,EI,I.T17M,2.502000093,2.130514383,5
1PPF_EI,2,EI,I.G32V,2.552999973,2.236704826,4
1PPF_EI,2,EI,I.N36K,2.621999979,1.007470727,5
1PPF_EI,2,EI,I.N36L,2.647000074,0.247845814,5
1PPF_EI,2,EI,I.T17N,2.698999882,0.673372746,5
1PPF_EI,2,EI,I.G32Q,2.799999952,1.933799028,4
1PPF_EI,2,EI,I.Y20M,2.812000036,2.29749012,4
1PPF_EI,2,EI,I.G32T,2.812000036,1.394855261,5
1PPF_EI,2,EI,I.T17E,3.040999889,4.289183617,5
1PPF_EI,2,EI,I.T17P,3.073999882,0.930323541,5
1PPF_EI,2,EI,I.L18S,3.092000008,3.369730234,5
1PPF_EI,2,EI,I.G32L,3.130000114,0.70663774,4
1PPF_EI,2,EI,I.Y20A,3.210000038,2.521401167,4
1PPF_EI,2,EI,I.E19P,3.210000038,0.952568531,5
1PPF_EI,2,EI,I.G32K,3.305999994,3.015834332,4
1PPF_EI,2,EI,I.L18Q,3.305999994,3.82908392,5
1PPF_EI,2,EI,I.L18G,3.332999945,5.558213711,4
1PPF_EI,2,EI,I.T17K,3.388999939,0.578718007,5
1PPF_EI,2,EI,I.Y20C,3.451999903,3.542186022,5
1PPF_EI,2,EI,I.T17R,3.451999903,2.363282204,5
1PPF_EI,2,EI,I.T17A,3.484999895,2.851624489,5
1PPF_EI,2,EI,I.T17G,3.599999905,2.365297079,5
1PPF_EI,2,EI,I.Y20S,3.644000053,4.109655857,5
1PPF_EI,2,EI,I.Y20N,3.644000053,3.205616474,5
1PPF_EI,2,EI,I.Y20I,3.931999922,3.522290707,5
1PPF_EI,2,EI,I.Y20V,4.18599987,3.128312588,5
1PPF_EI,2,EI,I.Y20G,4.18599987,2.728803873,5
1PPF_EI,2,EI,I.Y20R,4.372000217,3.98154664,4
1PPF_EI,2,EI,I.G32I,4.372000217,2.724323988,5
1PPF_EI,2,EI,I.Y20K,4.493999958,2.878727436,5
1PPF_EI,2,EI,I.Y20Q,4.697000027,4.957046986,5
1PPF_EI,2,EI,I.G32R,4.848999977,2.646750689,4
1PPF_EI,2,EI,I.T17D,4.923999786,5.137866974,5
1PPF_EI,2,EI,I.Y20T,5.054999828,4.548223019,5
1PPF_EI,2,EI,I.L18F,5.170000076,3.395563841,4
1PPF_EI,2,EI,I.L18N,5.224999905,3.969985485,5
1PPF_EI,2,EI,I.Y20P,5.367000103,8.125082016,5
1PPF_EI,2,EI,I.L18K,5.736000061,4.476962566,5
1PPF_EI,2,EI,I.L18P,6.146999836,8.816263199,5
1PPF_EI,2,EI,I.Y20E,6.420000076,5.506650925,5
1PPF_EI,2,EI,I.Y20D,6.420000076,5.033176899,5
1PPF_EI,2,EI,I.L18H,6.471000195,3.828871965,4
1PPF_EI,2,EI,I.L18Y,6.636000156,2.704468012,5
1PPF_EI,2,EI,I.R21P,6.705999851,5.284054756,5
1PPF_EI,2,EI,I.L18E,7.056000233,5.32980442,4
1PPF_EI,2,EI,I.L18R,7.184999943,3.333983898,5
1PPF_EI,2,EI,I.L18W,7.544000149,3.137363195,5
1PPF_EI,2,EI,I.L18D,7.612999916,5.438742638,4
1QSE_ABCDE,5,ABCDE,C.R7V,-1.225000024,0.277379781,5
1R0R_EI,2,EI,I.P14D,-2.520999908,-0.702015698,5
1R0R_EI,2,EI,I.A15F,-2.243000031,-1.202736378,5
1R0R_EI,2,EI,I.P14E,-2.243000031,-0.733626485,5
1R0R_EI,2,EI,I.A15I,-1.799999952,-0.906787455,5
1R0R_EI,2,EI,I.A15L,-1.754999995,-0.369406641,5
1R0R_EI,2,EI,I.A15M,-1.74000001,-0.784580708,5
1R0R_EI,2,EI,I.P14Q,-1.414999962,-0.892689228,5
1R0R_EI,2,EI,I.L18C,-1.345999956,0.05946324,5
1R0R_EI,2,EI,I.K13W,-1.105000019,-0.924113989,5
1R0R_EI,2,EI,I.P14C,-0.986999989,0.865898013,5
1R0R_EI,2,EI,I.A15V,-0.953999996,0.099264845,5
1R0R_EI,2,EI,I.P14N,-0.916999996,0.886046648,5
1R0R_EI,2,EI,I.T17Y,-0.879000008,0.74475044,5
1R0R_EI,2,EI,I.A15Y,-0.838,-0.788813651,5
1R0R_EI,2,EI,I.K13G,-0.838,-0.025128296,5
1R0R_EI,2,EI,I.K13F,-0.795000017,-0.064274415,5
1R0R_EI,2,EI,I.K13Y,-0.694999993,0.107306972,5
1R0R_EI,2,EI,I.P14A,-0.638999999,0.773831666,5
1R0R_EI,2,EI,I.K13C,-0.615999997,-0.580174983,5
1R0R_EI,2,EI,I.K13A,-0.610000014,0.531185091,5
1R0R_EI,2,EI,I.K13D,-0.592999995,-0.331693888,5
1R0R_EI,2,EI,I.K13H,-0.592999995,0.059261568,5
1R0R_EI,2,EI,I.K13M,-0.56099999,-0.611706913,5
1R0R_EI,2,EI,I.K13Q,-0.531000018,-0.317703545,5
1R0R_EI,2,EI,I.L18M,-0.515999973,1.062308311,5
1R0R_EI,2,EI,I.A15C,-0.48300001,-2.387946844,5
1R0R_EI,2,EI,I.K13N,-0.391000003,0.60709697,5
1R0R_EI,2,EI,I.Y20W,-0.363999993,0.962405026,5
1R0R_EI,2,EI,I.P14G,-0.345999986,0.303124398,5
1R0R_EI,2,EI,I.K13L,-0.328000009,0.324833691,5
1R0R_EI,2,EI,I.K13S,-0.307000011,-1.020581603,5
1R0R_EI,2,EI,I.N36Q,-0.273999989,0.43617326,5
1R0R_EI,2,EI,I.P14H,-0.216999993,0.112429552,5
1R0R_EI,2,EI,I.N36E,-0.204999998,0.306786805,5
1R0R_EI,2,EI,I.R21D,-0.180000007,0.655741334,5
1R0R_EI,2,EI,I.N36F,-0.180000007,0.61864686,5
1R0R_EI,2,EI,I.K13E,-0.109999999,-0.11419829,5
1R0R_EI,2,EI,I.R21K,-0.096000001,0.346838832,5
1R0R_EI,2,EI,I.R21A,-0.096000001,0.110318989,5
1R0R_EI,2,EI,I.N28S,-0.066,0.123526543,5
1R0R_EI,2,EI,I.T17F,-0.066,0.367745697,5
1R0R_EI,2,EI,I.R21N,-0.050000001,-0.16364406,5
1R0R_EI,2,EI,I.P14M,-0.033,-0.228973255,5
1R0R_EI,2,EI,I.N36A,-0.033,-0.374157399,5
1R0R_EI,2,EI,I.R21S,-0.016000001,0.580386639,5
1R0R_EI,2,EI,I.T17N,0.017999999,0.521625102,5
1R0R_EI,2,EI,I.N36W,0.056000002,0.3592906,5
1R0R_EI,2,EI,I.E19V,0.094999999,-0.064660773,5
1R0R_EI,2,EI,I.R21V,0.115000002,1.732491612,5
1R0R_EI,2,EI,I.R21C,0.115000002,0.502392769,5
1R0R_EI,2,EI,I.G32F,0.115000002,0.015074083,5
1R0R_EI,2,EI,I.P14S,0.136000007,0.103208415,5
1R0R_EI,2,EI,I.K13R,0.136000007,0.019668706,5
1R0R_EI,2,EI,I.L18T,0.159999996,1.163691282,5
1R0R_EI,2,EI,I.R21Q,0.181999996,0.254057229,5
1R0R_EI,2,EI,I.N36Y,0.181999996,0.249784485,5
1R0R_EI,2,EI,I.A15W,0.207000002,-1.063495636,5
1R0R_EI,2,EI,I.R21I,0.207000002,-0.413116157,5
1R0R_EI,2,EI,I.R21L,0.231999993,-0.231209114,5
1R0R_EI,2,EI,I.E19D,0.259000003,-0.345659167,5
1R0R_EI,2,EI,I.T17I,0.259000003,0.866369605,5
1R0R_EI,2,EI,I.N36H,0.284999996,0.459729522,5
1R0R_EI,2,EI,I.N36G,0.284999996,0.318820179,5
1R0R_EI,2,EI,I.N36I,0.314999998,0.657211602,5
1R0R_EI,2,EI,I.N36M,0.314999998,2.239687443,5
1R0R_EI,2,EI,I.L18A,0.314999998,0.459711671,5
1R0R_EI,2,EI,I.P14K,0.344999999,0.294742674,5
1R0R_EI,2,EI,I.R21T,0.344999999,1.028838515,5
1R0R_EI,2,EI,I.R21E,0.344999999,0.841775477,5
1R0R_EI,2,EI,I.K13V,0.411000013,0.390117347,5
1R0R_EI,2,EI,I.R21M,0.446999997,0.420434654,5
1R0R_EI,2,EI,I.R21F,0.446999997,0.26810047,5
1R0R_EI,2,EI,I.L18Y,0.446999997,0.260406911,5
1R0R_EI,2,EI,I.P14W,0.485000014,1.690649152,5
1R0R_EI,2,EI,I.N36S,0.485000014,0.355279714,5
1R0R_EI,2,EI,I.G32Y,0.485000014,0.30435276,5
1R0R_EI,2,EI,I.R21H,0.526000023,-0.325986981,5
1R0R_EI,2,EI,I.T17H,0.526000023,0.768650472,5
1R0R_EI,2,EI,I.N36C,0.569999993,1.256211877,5
1R0R_EI,2,EI,I.N36D,0.569999993,1.417211413,5
1R0R_EI,2,EI,I.N36T,0.569999993,2.53311801,5
1R0R_EI,2,EI,I.E19L,0.569999993,-0.755952716,5
1R0R_EI,2,EI,I.L18H,0.569999993,0.858497202,5
1R0R_EI,2,EI,I.L18Q,0.569999993,1.119575977,5
1R0R_EI,2,EI,I.Y20F,0.616999984,0.410301924,5
1R0R_EI,2,EI,I.L18F,0.616999984,0.147186294,5
1R0R_EI,2,EI,I.N36V,0.66900003,0.627324641,5
1R0R_EI,2,EI,I.T17L,0.66900003,1.303008437,5
1R0R_EI,2,EI,I.E19I,0.736999989,0.185084984,5
1R0R_EI,2,EI,I.T17C,0.813000023,2.045909882,5
1R0R_EI,2,EI,I.R21Y,0.823000014,-0.022382472,5
1R0R_EI,2,EI,I.P14Y,0.856999993,1.10439229,5
1R0R_EI,2,EI,I.K13T,0.889999986,-0.546163976,5
1R0R_EI,2,EI,I.T17S,0.889999986,0.817658603,5
1R0R_EI,2,EI,I.G32S,0.912,0.901994705,5
1R0R_EI,2,EI,I.T17V,0.936999977,0.969387352,5
1R0R_EI,2,EI,I.R21W,0.944999993,1.415129542,5
1R0R_EI,2,EI,I.G32P,1.080000043,0.730613351,5
1R0R_EI,2,EI,I.P14R,1.101999998,1.575265408,5
1R0R_EI,2,EI,I.A15G,1.111999989,1.573698521,5
1R0R_EI,2,EI,I.K13I,1.123999953,1.082330346,5
1R0R_EI,2,EI,I.N36K,1.148000002,0.916392505,5
1R0R_EI,2,EI,I.T17A,1.172999978,2.528346539,5
1R0R_EI,2,EI,I.P14L,1.184000015,0.208341628,5
1R0R_EI,2,EI,I.P14T,1.197999954,-0.19633165,5
1R0R_EI,2,EI,I.A15T,1.268000007,0.767163515,5
1R0R_EI,2,EI,I.E19Q,1.281999946,0.666331172,5
1R0R_EI,2,EI,I.G32N,1.281999946,1.749427915,5
1R0R_EI,2,EI,I.G32A,1.297999978,0.495305479,5
1R0R_EI,2,EI,I.P14V,1.33099997,0.627845228,5
1R0R_EI,2,EI,I.T17M,1.33099997,0.923474133,5
1R0R_EI,2,EI,I.K13P,1.34800005,0.106881715,5
1R0R_EI,2,EI,I.P14F,1.381999969,0.403484017,5
1R0R_EI,2,EI,I.G32W,1.401000023,0.290911406,5
1R0R_EI,2,EI,I.G32C,1.419999957,1.694099903,5
1R0R_EI,2,EI,I.N36R,1.458999991,1.765765429,5
1R0R_EI,2,EI,I.N36P,1.478999972,-0.859743237,5
1R0R_EI,2,EI,I.L18N,1.5,3.357005596,5
1R0R_EI,2,EI,I.L18W,1.524000049,1.792438149,5
1R0R_EI,2,EI,I.N36L,1.547000051,0.469436705,5
1R0R_EI,2,EI,I.E19M,1.57099998,1.302147388,5
1R0R_EI,2,EI,I.L18S,1.57099998,1.421194077,5
1R0R_EI,2,EI,I.G32T,1.67900002,1.794816494,5
1R0R_EI,2,EI,I.E19H,1.708999991,1.827069521,5
1R0R_EI,2,EI,I.P14I,1.741999984,1.951178074,5
1R0R_EI,2,EI,I.A15S,1.741999984,1.114761829,5
1R0R_EI,2,EI,I.A15H,1.774999976,1.626382828,5
1R0R_EI,2,EI,I.A15Q,1.81099999,2.208425045,5
1R0R_EI,2,EI,I.E19W,1.850000024,2.034510374,5
1R0R_EI,2,EI,I.E19Y,1.889999986,1.136492729,5
1R0R_EI,2,EI,I.G32V,1.934000015,1.815137267,5
1R0R_EI,2,EI,I.T17K,1.934000015,2.522343636,5
1R0R_EI,2,EI,I.G32I,1.980999947,2.472259521,5
1R0R_EI,2,EI,I.G32E,1.980999947,2.381905794,5
1R0R_EI,2,EI,I.G32Q,2.032999992,1.303469539,5
1R0R_EI,2,EI,I.A15N,2.088999987,1.616470218,5
1R0R_EI,2,EI,I.E19A,2.088999987,1.720701933,5
1R0R_EI,2,EI,I.R21G,2.088999987,2.486144543,5
1R0R_EI,2,EI,I.E19R,2.088999987,1.743979812,5
1R0R_EI,2,EI,I.E19N,2.118000031,2.649251223,5
1R0R_EI,2,EI,I.L18V,2.157000065,2.541399479,5
1R0R_EI,2,EI,I.G32M,2.157000065,1.243793726,5
1R0R_EI,2,EI,I.L18E,2.177000046,3.375588655,5
1R0R_EI,2,EI,I.G32H,2.191999912,0.670053482,5
1R0R_EI,2,EI,I.T17Q,2.221999884,1.589411736,5
1R0R_EI,2,EI,I.L18G,2.352999926,2.348524094,5
1R0R_EI,2,EI,I.E19C,2.371999979,1.183081865,5
1R0R_EI,2,EI,I.G32L,2.411000013,1.613067746,5
1R0R_EI,2,EI,I.Y20L,2.575000048,2.014882565,5
1R0R_EI,2,EI,I.E19K,2.711999893,2.949439526,5
1R0R_EI,2,EI,I.E19G,2.711999893,2.364312649,5
1R0R_EI,2,EI,I.Y20I,2.86500001,3.566584349,5
1R0R_EI,2,EI,I.T17D,2.888000011,6.647288799,5
1R0R_EI,2,EI,I.G32D,2.888000011,1.555762649,5
1R0R_EI,2,EI,I.G32K,2.934999943,1.371785522,5
1R0R_EI,2,EI,I.T17W,2.934999943,1.848748326,5
1R0R_EI,2,EI,I.L18R,2.934999943,1.80105865,5
1R0R_EI,2,EI,I.A15K,3.072999954,2.712975264,5
1R0R_EI,2,EI,I.Y20M,3.138999939,1.548409343,5
1R0R_EI,2,EI,I.T17G,3.138999939,0.711268723,5
1R0R_EI,2,EI,I.E19S,3.174999952,2.276217937,5
1R0R_EI,2,EI,I.T17E,3.213999987,3.100572348,5
1R0R_EI,2,EI,I.L18I,3.253999949,0.207692981,5
1R0R_EI,2,EI,I.Y20C,3.253999949,2.413011789,5
1R0R_EI,2,EI,I.A15P,3.345000029,0.421011448,5
1R0R_EI,2,EI,I.T17R,3.345000029,2.584909916,5
1R0R_EI,2,EI,I.L18K,3.345000029,1.990099549,5
1R0R_EI,2,EI,I.Y20H,3.470999956,3.043658495,5
1R0R_EI,2,EI,I.G32R,3.470999956,3.01884532,5
1R0R_EI,2,EI,I.Y20V,3.50999999,3.997876167,5
1R0R_EI,2,EI,I.E19F,3.618000031,1.340614438,5
1R0R_EI,2,EI,I.E19P,3.763999939,4.757823467,5
1R0R_EI,2,EI,I.E19T,4.251999855,2.391889334,5
1R0R_EI,2,EI,I.Y20R,4.46999979,5.042343616,5
1R0R_EI,2,EI,I.Y20Q,4.502999783,2.226551056,5
1R0R_EI,2,EI,I.L18D,4.539000034,2.890837669,5
1R0R_EI,2,EI,I.A15E,4.578000069,-0.074448764,5
1R0R_EI,2,EI,I.Y20E,4.618000031,4.964871407,5
1R0R_EI,2,EI,I.T17P,4.949999809,2.240710497,5
1R0R_EI,2,EI,I.Y20S,5.163000107,6.25536108,5
1R0R_EI,2,EI,I.A15D,5.228000164,1.944822788,5
1R0R_EI,2,EI,I.Y20T,5.474999905,4.833161831,5
1R0R_EI,2,EI,I.Y20A,5.474999905,4.480518341,5
1R0R_EI,2,EI,I.Y20K,5.512000084,5.122537136,5
1R0R_EI,2,EI,I.A15R,5.53000021,0.957761765,5
1R0R_EI,2,EI,I.Y20N,5.616000175,3.902971506,5
1R0R_EI,2,EI,I.Y20D,5.770999908,4.463563919,5
1R0R_EI,2,EI,I.Y20G,6.40199995,4.123568058,5
1R0R_EI,2,EI,I.Y20P,6.653999805,7.129232407,5
1R0R_EI,2,EI,I.R21P,7.390999794,4.888292789,5
1R0R_EI,2,EI,I.L18P,7.688000202,7.186799526,5
1REW_ABCD,4,ABCD,C.Q86A,2.65899992,-0.490248919,5
1S0W_ABCD,2,AC,C.A1142F,-2.102999926,-0.826305032,5
1S1Q_ABCD,2,AB,A.F44A,0.199000001,0.60934031,5
1S1Q_ABCD,2,AB,A.W75A,0.280999988,1.487484694,5
1S1Q_ABCD,2,AB,A.V43A,0.671000004,0.259659231,5
1S1Q_ABCD,2,AB,A.F88A,0.774999976,0.080227651,5
1S1Q_ABCD,2,AB,A.D46A,0.966000021,0.977175951,5
1S1Q_ABCD,2,AB,A.N45A,1.231999993,1.196231842,5
1SBB_ABCD,4,ABCD,B.V26Y,-1.45599997,0.157445431,5
1SBB_ABCD,4,ABCD,B.L20T,-0.090999998,0.26853314,5
1SBB_ABCD,4,ABCD,B.Y91V,0.079000004,0.41939202,5
1SBN_EI,2,EI,I.R45K,-0.310000002,0.562844813,5
1SGD_EI,2,EI,I.D18L,-5.669000149,-5.452189445,5
1SGE_EI,2,EI,I.E18L,-5.982999802,-6.683608532,5
1SGN_EI,2,EI,I.N18L,-3.400000095,-3.654378891,5
1SGP_EI,2,EI,I.A18L,-2.989000082,-3.469847918,5
1SGQ_EI,2,EI,I.G18L,-5.002999783,-4.659126759,5
1SGY_EI,2,EI,I.Y18L,-1.675999999,-1.928070307,5
1SIB_EI,2,EI,I.K53R,-0.731999993,-0.077849463,5
1SMF_EI,2,EI,I.E16A,1.013000011,2.829975605,5
1SMF_EI,2,EI,I.S12A,1.899999976,1.780569553,5
1SMF_EI,2,EI,I.T10A,2.046000004,2.10909152,5
1SMF_EI,2,EI,I.I13A,3.510999918,3.344324589,5
1SMF_EI,2,EI,I.K11A,5.68900013,1.859479427,5
1TM1_EI,2,EI,I.V70A,0.025,0.289099991,5
1TM1_EI,2,EI,I.M59Y,0.056000002,0.481390297,5
1TM1_EI,2,EI,I.M59F,1.027999997,0.46983254,5
1TM1_EI,2,EI,I.M59A,1.027999997,0.325534999,5
1TM1_EI,2,EI,I.M59K,1.093999982,0.926374614,5
1TM1_EI,2,EI,I.R62A,1.256000042,3.12356019,5
1TM1_EI,2,EI,I.T58D,2.098999977,1.977327347,5
1TM1_EI,2,EI,I.Y61A,2.180000067,3.422670126,5
1TM1_EI,2,EI,I.M59G,2.23300004,3.671186447,5
1TM1_EI,2,EI,I.T58A,2.572000027,2.42179203,5
1TM1_EI,2,EI,I.E60S,2.747999907,1.470144749,5
1TM1_EI,2,EI,I.R67A,2.923000097,3.129193544,5
1TM1_EI,2,EI,I.E60A,2.924999952,2.605883121,5
1TM1_EI,2,EI,I.R65A,3.079999924,2.389066219,5
1TM1_EI,2,EI,I.R67C,3.236000061,1.570075512,5
1TM1_EI,2,EI,I.T58P,3.756000042,2.231579065,5
1TM1_EI,2,EI,I.Y61G,4.681000233,2.12326026,5
1TM3_EI,2,EI,I.K59M,-1.093999982,-1.06693399,5
1TM4_EI,2,EI,I.G59M,-2.23300004,-1.468640089,5
1TM5_EI,2,EI,I.A59M,-1.027999997,-0.771138847,5
1TM7_EI,2,EI,I.Y59M,-0.056000002,-1.159205079,5
1TMG_EI,2,EI,I.F59M,-1.027999997,-0.561728477,5
1TO1_EI,2,EI,I.A61Y,-2.982000113,-2.386972904,5
1U7F_ABC,3,ABC,B.R378A,1.738000035,1.05268681,5
1U7F_ABC,3,ABC,B.D493A,2.674000025,1.356654525,5
1UUZ_ABCD,2,AD,A.C64A,0.651000023,-0.311238676,5
1UUZ_ABCD,2,AD,A.H62Q,1.519999981,0.944728553,5
1UUZ_ABCD,2,AD,A.H62N,1.519999981,0.938130319,5
1UUZ_ABCD,2,AD,A.H62A,1.774999976,1.632609844,5
1UUZ_ABCD,2,AD,A.H62D,3.378999949,1.17404449,5
1VFB_ABC,3,ABC,B.G31E,-0.50999999,0.185202554,5
1VFB_ABC,3,ABC,B.D58A,-0.207000002,1.298423886,5
1VFB_ABC,3,ABC,B.D58N,-0.128000006,1.340897202,5
1VFB_ABC,3,ABC,B.S28E,-0.104000002,0.587804258,5
1VFB_ABC,3,ABC,B.R99A,-0.100000001,1.17695713,5
1VFB_ABC,3,ABC,B.T30A,-0.056000002,-0.441038251,5
1VFB_ABC,3,ABC,B.S28D,0,0.275476485,5
1VFB_ABC,3,ABC,B.G31W,0.004,0.081355818,5
1VFB_ABC,3,ABC,B.S28Q,0.078000002,0.749209881,5
1VFB_ABC,3,ABC,B.D58E,0.078000002,0.434705704,5
1VFB_ABC,3,ABC,B.S28N,0.143999994,0.646288097,5
1VFB_ABC,3,ABC,C.L129A,0.172000006,0.365864813,5
1VFB_ABC,3,ABC,A.N31W,0.173999995,1.062823772,5
1VFB_ABC,3,ABC,B.N56A,0.178000003,0.593962967,5
1VFB_ABC,3,ABC,B.G31A,0.307000011,1.074391365,5
1VFB_ABC,3,ABC,C.D18A,0.340000004,-0.442997694,5
1VFB_ABC,3,ABC,A.S93A,0.342999995,0.664516866,5
1VFB_ABC,3,ABC,B.W52A,0.363999993,0.66770345,5
1VFB_ABC,3,ABC,A.Y50A,0.388000011,2.519759893,5
1VFB_ABC,3,ABC,C.N19A,0.395999998,1.133224607,5
1VFB_ABC,3,ABC,C.Y23A,0.411000013,0.391028881,5
1VFB_ABC,3,ABC,B.Y32A,0.460000008,-0.172797084,5
1VFB_ABC,3,ABC,A.T52F,0.470999986,0.171438515,5
1VFB_ABC,3,ABC,B.D54A,0.638999999,0.709151626,5
1VFB_ABC,3,ABC,B.R99W,0.704999983,0.270440996,5
1VFB_ABC,3,ABC,C.K116A,0.713999987,1.945031643,5
1VFB_ABC,3,ABC,C.T118A,0.764999986,0.764276087,5
1VFB_ABC,3,ABC,A.Y49A,0.797999978,1.190283537,5
1VFB_ABC,3,ABC,A.H30A,0.845000029,0.720888078,5
1VFB_ABC,3,ABC,A.Y50R,0.845000029,0.779708743,5
1VFB_ABC,3,ABC,C.S24A,0.851000011,0.737700701,5
1VFB_ABC,3,ABC,C.V120A,0.916999996,0.774796903,5
1VFB_ABC,3,ABC,B.Y101F,0.953999996,0.57914412,5
1VFB_ABC,3,ABC,C.D119A,0.953999996,0.493056089,5
1VFB_ABC,3,ABC,B.E98A,1.156999946,0.165737748,5
1VFB_ABC,3,ABC,C.I124A,1.231999993,1.456412315,5
1VFB_ABC,3,ABC,B.R99Y,1.235999942,0.204883367,5
1VFB_ABC,3,ABC,A.Y32A,1.340000033,5.187210083,5
1VFB_ABC,3,ABC,A.T53R,1.646999955,0.431905538,5
1VFB_ABC,3,ABC,A.Y50K,1.715999961,0.857794404,5
1VFB_ABC,3,ABC,C.R125A,1.838000059,0.599601865,5
1VFB_ABC,3,ABC,B.Y32E,1.902999997,0.34317565,5
1VFB_ABC,3,ABC,A.W92A,2.727999926,0.775155723,5
1VFB_ABC,3,ABC,C.Q121A,2.878000021,-0.212897852,5
1VFB_ABC,3,ABC,B.D100A,3.072000027,1.438592792,5
1VFB_ABC,3,ABC,A.L46D,5.631000042,0.43386516,5
1VFB_ABC,3,ABC,A.L46E,5.631000042,4.242022991,5
1VFB_ABC,3,ABC,A.Y32W,5.631000042,4.308499813,5
1WQJ_BI,2,BI,I.R55A,0.059,0.6651088,5
1WQJ_BI,2,BI,I.R50A,0.268000007,0.404899925,5
1WQJ_BI,2,BI,I.R56A,0.40200001,0.478644311,5
1WQJ_BI,2,BI,I.R21A,0.680000007,0.967393398,5
1X1W_ABCDEF,2,AD,D.A80E,-0.411000013,0.335208982,5
1X1X_ABCDEF,2,AD,D.A76E,-0.824000001,-0.098019205,5
1XD3_ABCD,2,AB,B.R42L,-0.861999989,1.008961201,6
1XD3_ABCD,2,AB,B.D39A,-0.411000013,0.422637254,5
1XD3_ABCD,2,AB,B.E24A,-0.239999995,0.587905645,5
1XD3_ABCD,2,AB,B.D58A,-0.239999995,0.36150983,5
1XD3_ABCD,2,AB,B.D52A,-0.239999995,0.304017931,5
1XD3_ABCD,2,AB,B.K27A,-0.061999999,0.099343881,5
1XD3_ABCD,2,AB,B.H68N,0,0.283268303,5
1XD3_ABCD,2,AB,B.K33R,0,0.294548571,6
1XD3_ABCD,2,AB,B.K27R,0.266000003,0.489021301,5
1XD3_ABCD,2,AB,B.I44A,0.266000003,-0.598370969,6
1XD3_ABCD,2,AB,B.K6R,0.303000003,0.401641697,6
1XD3_ABCD,2,AB,B.R54L,0.869000018,0.566365778,6
1XD3_ABCD,2,AB,B.R72L,1.302000046,1.866670132,6
1XD3_ABCD,2,AB,B.K6A,1.343999982,0.404475659,6
1XD3_ABCD,2,AB,B.K11R,1.40199995,0.518748283,5
1XD3_ABCD,2,AB,B.E51A,1.534999967,0.737410426,5
1XD3_ABCD,2,AB,B.R74L,2.378000021,0.519903064,6
1XD3_ABCD,2,AB,B.L8A,2.677000046,0.873714745,6
1XGP_ABC,3,ABC,B.A33F,-4.061999798,-3.502101421,6
1XGP_ABC,3,ABC,B.A33I,-2.260999918,-1.286290646,6
1XGP_ABC,3,ABC,B.A33L,-2.200000048,-1.485742211,6
1XGP_ABC,3,ABC,B.A33V,-1.152999997,-1.101561785,6
1XGQ_ABC,3,ABC,B.V33F,-2.90899992,-2.767469168,6
1XGQ_ABC,3,ABC,B.V33I,-1.10800004,-0.537498176,6
1XGQ_ABC,3,ABC,B.V33L,-1.047000051,-0.07346122,6
1XGQ_ABC,3,ABC,B.V33A,1.152999997,0.959812701,6
1XGR_ABC,3,ABC,B.I33F,-1.800999999,-1.430364251,6
1XGR_ABC,3,ABC,B.I33L,0.061000001,-0.209351003,6
1XGR_ABC,3,ABC,B.I33V,1.10800004,1.534707308,6
1XGR_ABC,3,ABC,B.I33A,2.260999918,1.866001844,6
1XGT_ABC,3,ABC,B.L33F,-1.863000035,-0.884669125,6
1XGT_ABC,3,ABC,B.L33I,-0.061000001,0.939774394,6
1XGT_ABC,3,ABC,B.L33V,1.047000051,2.068180084,6
1XGT_ABC,3,ABC,B.L33A,2.200000048,3.078654051,6
1XGU_ABC,3,ABC,B.F33I,1.800999999,2.579268694,6
1XGU_ABC,3,ABC,B.F33L,1.863000035,1.857120633,6
1XGU_ABC,3,ABC,B.F33V,2.90899992,4.464616776,6
1XGU_ABC,3,ABC,B.F33A,4.061999798,3.917421341,6
1Y1K_EI,2,EI,I.A58T,-2.727999926,-2.130912304,6
1Y33_EI,2,EI,I.P58T,-3.756000042,-3.064285994,6
1Y34_EI,2,EI,I.A60E,-3.053999901,-1.93520844,6
1Y3B_EI,2,EI,I.S60E,-2.747999907,-1.261905551,6
1Y3C_EI,2,EI,I.A62R,-1.256000042,0.584701657,6
1Y3D_EI,2,EI,I.A67R,-3.09800005,-1.229699492,6
1Y48_EI,2,EI,I.A65R,-3.756000042,-2.070863008,6
1YCS_AB,2,AB,A.R273H,-0.119000003,0.609912038,6
1YQV_HLY,3,HLY,Y.R45K,2.000999928,0.61071372,6
1YY9_ACD,3,ACD,C.N93A,-0.741999984,0.54399395,6
1YY9_ACD,3,ACD,C.T31E,-0.518999994,0.700688958,6
1YY9_ACD,3,ACD,C.S28P,-0.222000003,-0.157323748,6
1YY9_ACD,3,ACD,C.S26D,-0.199000001,0.177099869,6
1YY9_ACD,3,ACD,D.T61E,-0.057,0.588629961,6
1YY9_ACD,3,ACD,D.N56A,-0.057,0.19053556,6
1YY9_ACD,3,ACD,C.S54P,-0.017999999,0.750099838,6
1YY9_ACD,3,ACD,C.S26P,-0.009,0.312324494,6
1YY9_ACD,3,ACD,D.L29P,0.030999999,0.152485982,6
1YY9_ACD,3,ACD,C.A25P,0.071999997,0.289476991,6
1YY9_ACD,3,ACD,D.G54P,0.268000007,1.299241781,6
1YY9_ACD,3,ACD,D.S53P,0.818000019,0.135916457,6
1YY9_ACD,3,ACD,D.A98P,1.037999988,0.620970726,6
1YY9_ACD,3,ACD,D.W52P,1.478999972,0.851179123,6
1YY9_ACD,3,ACD,D.Y101P,1.65199995,-0.747133255,6
1YY9_ACD,3,ACD,C.T96P,4.005000114,0.375812083,6
1Z7X_WXYZ,4,WXYZ,W.Y434F,0.120999999,1.192939639,6
1Z7X_WXYZ,4,WXYZ,W.I459A,0.337000012,0.401313037,6
1Z7X_WXYZ,4,WXYZ,W.S289A,0.81400001,0.812713802,6
1Z7X_WXYZ,4,WXYZ,W.R457A,0.84799999,3.167108059,6
1Z7X_WXYZ,4,WXYZ,W.W318A,0.992999971,1.387204409,6
1Z7X_WXYZ,4,WXYZ,W.E206A,1.019000053,0.754759014,6
1Z7X_WXYZ,4,WXYZ,W.E401A,1.305999994,1.07701385,6
1Z7X_WXYZ,4,WXYZ,W.E287A,1.32099998,0.520520389,6
1Z7X_WXYZ,4,WXYZ,W.K320A,1.32099998,0.656699061,6
1Z7X_WXYZ,4,WXYZ,W.W261A,1.335999966,1.172630787,6
1Z7X_WXYZ,4,WXYZ,W.E344A,1.562000036,0.547913074,6
1Z7X_WXYZ,4,WXYZ,W.W375A,1.669999957,0.538463593,6
1Z7X_WXYZ,4,WXYZ,W.Y437F,2.165999889,0.362049639,6
1Z7X_WXYZ,4,WXYZ,W.W263A,2.211999893,1.033579946,6
1Z7X_WXYZ,4,WXYZ,W.Y437A,2.624000072,0.566914201,6
1Z7X_WXYZ,4,WXYZ,W.D435A,3.661999941,5.999528408,6
1Z7X_WXYZ,4,WXYZ,W.Y434A,5.955999851,-0.997943103,6
2A9K_AB,2,AB,B.G99D,2.318000078,0.562488616,6
2A9K_AB,2,AB,B.E109A,3.030999899,1.848344564,6
2AJF_ABEF,2,AE,E.F360S,-0.082000002,0.788936019,6
2AJF_ABEF,2,AE,E.K344R,-0.007,0.214575887,6
2AJF_ABEF,2,AE,A.D38A,0.584999979,0.737962902,6
2AJF_ABEF,2,AE,A.Y41F,1.398000002,1.350882173,6
2AJF_ABEF,2,AE,A.Y41A,1.452000022,1.483805537,6
2AJF_ABEF,2,AE,E.T487S,1.824000001,1.367160082,6
2AJF_ABEF,2,AE,E.N479K,2.013000011,0.141165748,6
2AK4_ABCDEFGHIJKLMNP,5,ABCDE,A.T69A,-0.342000008,0.212011516,6
2AK4_ABCDEFGHIJKLMNP,5,ABCDE,E.S51A,-0.31400001,2.221095562,6
2AK4_ABCDEFGHIJKLMNP,5,ABCDE,A.Q65A,-0.257999986,0.492020845,6
2AK4_ABCDEFGHIJKLMNP,5,ABCDE,D.T29A,-0.127000004,0.929449797,6
2AK4_ABCDEFGHIJKLMNP,5,ABCDE,E.N66A,-0.043000001,0.970630586,6
2AK4_ABCDEFGHIJKLMNP,5,ABCDE,E.E101A,0.048999999,-0.134576738,6
2AK4_ABCDEFGHIJKLMNP,5,ABCDE,C.Q9A,0.066,0.637399554,6
2AK4_ABCDEFGHIJKLMNP,5,ABCDE,D.Y31A,0.098999999,-0.111687385,6
2AK4_ABCDEFGHIJKLMNP,5,ABCDE,A.L163A,0.140000001,0.181803256,6
2AK4_ABCDEFGHIJKLMNP,5,ABCDE,E.N28A,0.209000006,0.440915078,6
2AK4_ABCDEFGHIJKLMNP,5,ABCDE,A.E154A,0.234999999,1.883854866,6
2AK4_ABCDEFGHIJKLMNP,5,ABCDE,A.Q72A,0.238999993,0.15312703,6
2AK4_ABCDEFGHIJKLMNP,5,ABCDE,A.E161A,0.465000004,0.559291184,6
2AK4_ABCDEFGHIJKLMNP,5,ABCDE,C.L10A,0.513999999,2.089444876,6
2AK4_ABCDEFGHIJKLMNP,5,ABCDE,E.N30A,0.823000014,0.776326895,6
2AK4_ABCDEFGHIJKLMNP,5,ABCDE,E.L98A,0.838,0.055860396,6
2AK4_ABCDEFGHIJKLMNP,5,ABCDE,A.A158G,0.874000013,0.026451508,6
2AK4_ABCDEFGHIJKLMNP,5,ABCDE,A.Q155A,0.930000007,0.193470567,6
2AK4_ABCDEFGHIJKLMNP,5,ABCDE,C.P4A,1.095999956,0.797409177,6
2AK4_ABCDEFGHIJKLMNP,5,ABCDE,A.R151A,1.366999984,0.401124775,6
2AK4_ABCDEFGHIJKLMNP,5,ABCDE,D.N97A,1.404000044,0.243650258,6
2AK4_ABCDEFGHIJKLMNP,5,ABCDE,D.N50A,1.404000044,0.20210427,6
2AK4_ABCDEFGHIJKLMNP,5,ABCDE,E.S31G,1.404000044,0.958942294,6
2AK4_ABCDEFGHIJKLMNP,5,ABCDE,D.S93A,1.404000044,0.683373451,6
2AK4_ABCDEFGHIJKLMNP,5,ABCDE,D.Y96A,1.404000044,1.355113387,6
2AK4_ABCDEFGHIJKLMNP,5,ABCDE,A.R157A,1.404000044,0.637913942,6
2AK4_ABCDEFGHIJKLMNP,5,ABCDE,C.P6A,1.404000044,0.308663726,6
2AK4_ABCDEFGHIJKLMNP,5,ABCDE,C.Q7A,1.404000044,0.453447342,6
2AK4_ABCDEFGHIJKLMNP,5,ABCDE,C.L5A,1.404000044,-0.047483336,6
2AW2_ABXY,2,AB,B.V36A,1.095999956,3.279577255,6
2AW2_ABXY,2,AB,B.Y23A,1.88499999,1.184619308,6
2AW2_ABXY,2,AB,B.P17A,2.575999975,1.053057313,6
2B0U_ABCD,4,ABCD,C.V15E,0,0.340889901,6
2B0U_ABCD,4,ABCD,C.I51A,0,0.330483019,6
2B0U_ABCD,4,ABCD,C.F52A,0,0.296004951,6
2B0U_ABCD,4,ABCD,C.F52E,0,0.327763855,6
2B0U_ABCD,4,ABCD,C.I51E,0.239999995,0.299134791,6
2B0U_ABCD,4,ABCD,C.F47E,0.411000013,0.425523013,6
2B0U_ABCD,4,ABCD,C.F47A,0.542999983,0.612093866,6
2B0Z_AB,2,AB,B.I82F,-2.529000044,-0.100053631,6
2B10_ABCD,2,AB,B.S82F,-1.164999962,-0.330138147,6
2B11_ABCD,2,AB,B.W382F,-0.754000008,0.010206339,6
2B12_AB,2,AB,B.Y82F,-1.575000048,0.083633229,6
2B2X_ABHILM,3,AHL,L.Y52E,-0.224000007,1.419946551,6
2B2X_ABHILM,3,AHL,H.E64K,-0.157000005,0.719442606,6
2B2X_ABHILM,3,AHL,H.V50T,0.090000004,0.226783007,6
2B42_AB,2,AB,A.H374Q,1.075999975,0.754559696,6
2B42_AB,2,AB,A.H374A,1.638000011,0.577976167,6
2B42_AB,2,AB,A.H374K,2.568000078,0.963562787,6
2BDN_AHL,3,AHL,L.N31R,-0.917999983,0.621159315,6
2BDN_AHL,3,AHL,L.S53E,-0.851999998,-0.730060935,6
2BDN_AHL,3,AHL,L.T56E,-0.68900001,0.200340614,6
2BDN_AHL,3,AHL,L.T56D,-0.425999999,0.426264226,6
2BDN_AHL,3,AHL,L.S53D,-0.160999998,0.277986258,6
2BDN_AHL,3,AHL,H.N28D,0.131999999,0.324825883,6
2BDN_AHL,3,AHL,H.L27R,0.651000023,-0.015790163,6
2BDN_AHL,3,AHL,L.Y30K,0.675000012,0.452988654,6
2BDN_AHL,3,AHL,H.L27K,0.874000013,0.252194464,6
2BDN_AHL,3,AHL,H.D31E,1.085999966,0.413970411,6
2BDN_AHL,3,AHL,H.N28Q,1.399999976,0.554053664,6
2BDN_AHL,3,AHL,L.N31K,3.490999937,-0.156932011,6
2BNQ_ABCDE,5,ABCDE,C.V9C,0.501999974,0.941950798,6
2BNR_ABCDE,5,ABCDE,C.C9V,-0.501999974,1.21626246,6
2BNR_ABCDE,5,ABCDE,A.Q72A,-0.096000001,0.4493981,6
2BNR_ABCDE,5,ABCDE,A.D61A,-0.090000004,0.379489094,6
2BNR_ABCDE,5,ABCDE,A.E58A,0,0.341283262,6
2BNR_ABCDE,5,ABCDE,A.K68A,0.006,0.133916914,6
2BNR_ABCDE,5,ABCDE,A.A149G,0.017999999,0.569949329,6
2BNR_ABCDE,5,ABCDE,A.E154A,0.017999999,2.630023241,6
2BNR_ABCDE,5,ABCDE,A.Q43A,0.082999997,0.491878599,6
2BNR_ABCDE,5,ABCDE,A.Q155A,0.232999995,0.528761566,6
2BNR_ABCDE,5,ABCDE,A.T64A,0.270999998,0.611302912,6
2BNR_ABCDE,5,ABCDE,A.E63A,0.335000008,0.203998789,6
2BNR_ABCDE,5,ABCDE,A.V67A,0.393000007,0.180931196,6
2BNR_ABCDE,5,ABCDE,A.T163A,0.458999991,0.679784298,6
2BNR_ABCDE,5,ABCDE,A.R75A,0.531000018,0.450546533,6
2BNR_ABCDE,5,ABCDE,A.H151A,0.532999992,0.811806142,6
2BNR_ABCDE,5,ABCDE,A.T80A,0.535000026,0.595961928,6
2BNR_ABCDE,5,ABCDE,A.K146A,0.624000013,0.105921984,6
2BNR_ABCDE,5,ABCDE,A.V76A,0.671999991,0.424915135,6
2BNR_ABCDE,5,ABCDE,A.A150G,0.736999989,0.530703545,6
2BNR_ABCDE,5,ABCDE,A.V152A,0.902999997,0.569565535,6
2BNR_ABCDE,5,ABCDE,A.H74A,0.975000024,0.822392881,6
2BNR_ABCDE,5,ABCDE,A.T73A,1.284999967,0.456749111,6
2BNR_ABCDE,5,ABCDE,A.K66A,1.68900001,1.845475316,6
2BNR_ABCDE,5,ABCDE,A.H70A,1.69599998,0.371056378,6
2BNR_ABCDE,5,ABCDE,A.R65A,1.805999994,2.541338921,6
2BNR_ABCDE,5,ABCDE,A.A69G,1.855000019,0.826432407,6
2BTF_AP,2,AP,P.K125A,0.460000008,0.168990344,6
2BTF_AP,2,AP,P.V60E,0.978999972,1.215983152,6
2BTF_AP,2,AP,P.F59A,1.595999956,1.232041955,6
2BTF_AP,2,AP,P.G120F,1.720999956,-0.049699914,6
2C0L_AB,2,AB,A.S589Y,0.273999989,0.844240725,6
2C0L_AB,2,AB,A.N382A,0.688000023,1.477258921,6
2C0L_AB,2,AB,A.Q586R,1.486999989,1.276645184,6
2C5D_ABCD,4,ABCD,C.V92A,-0.598999977,0.851417005,6
2C5D_ABCD,4,ABCD,C.D87G,-0.504000008,0.918071806,6
2C5D_ABCD,4,ABCD,C.G127R,-0.017999999,0.80710727,6
2C5D_ABCD,4,ABCD,C.G32S,0.098999999,0.381105036,6
2DSQ_ABCGHI,3,BGI,I.R55A,-0.088,0.531035781,6
2DSQ_ABCGHI,3,BGI,I.R21A,0.061000001,0.228354156,6
2DSQ_ABCGHI,3,BGI,I.R56A,0.089000002,0.459133536,6
2DSQ_ABCGHI,3,BGI,I.R50A,0.610000014,1.260520935,6
2DVW_AB,2,AB,A.K116A,0.034000002,0.867218554,6
2DVW_AB,2,AB,B.K397E,0.204999998,-0.23561275,6
2DVW_AB,2,AB,A.E182A,0.437999994,0.328048587,6
2DVW_AB,2,AB,B.R342A,0.694000006,0.217533678,6
2DVW_AB,2,AB,A.R41A,0.911000013,-1.009619236,6
2E7L_ABCDEFPQ,4,ADEQ,Q.F5R,3.059999943,3.238652945,6
2FTL_EI,2,EI,I.K15R,-0.582000017,5.070473671,6
2FTL_EI,2,EI,I.P13A,4.092999935,1.863104939,6
2FTL_EI,2,EI,I.T11A,4.092999935,2.763578176,6
2FTL_EI,2,EI,I.R20A,4.092999935,1.900781155,6
2FTL_EI,2,EI,I.R39A,4.092999935,2.746798754,6
2FTL_EI,2,EI,I.K46A,4.092999935,1.494831204,6
2FTL_EI,2,EI,I.V34A,4.092999935,2.888399124,6
2FTL_EI,2,EI,I.G37A,4.092999935,1.153672576,6
2FTL_EI,2,EI,I.I19A,4.092999935,1.366055727,6
2FTL_EI,2,EI,I.R17A,4.092999935,1.892376065,6
2FTL_EI,2,EI,I.F33A,4.092999935,1.093515873,6
2FTL_EI,2,EI,I.Y35A,4.092999935,2.904494524,6
2FTL_EI,2,EI,I.G12A,4.393000126,4.332266808,6
2FTL_EI,2,EI,I.G36A,4.94299984,1.793760657,6
2FTL_EI,2,EI,I.I18A,5.021999836,1.967688322,6
2FTL_EI,2,EI,I.K15Y,6.856999874,6.481631279,6
2FTL_EI,2,EI,I.K15F,7.02699995,5.697450638,6
2FTL_EI,2,EI,I.K15M,7.691999912,3.93843627,6
2FTL_EI,2,EI,I.K15S,7.723999977,14.15984726,6
2FTL_EI,2,EI,I.K15N,8.032999992,8.757142067,6
2FTL_EI,2,EI,I.K15W,8.663999557,8.253914833,6
2FTL_EI,2,EI,I.K15H,8.781999588,11.39916897,6
2FTL_EI,2,EI,I.K15L,8.86400032,8.590017319,6
2FTL_EI,2,EI,I.K15Q,9.37100029,9.004348755,6
2FTL_EI,2,EI,I.K15E,9.423999786,11.2945385,6
2FTL_EI,2,EI,I.K15A,10.1590004,8.999544144,6
2FTL_EI,2,EI,I.K15T,10.59799957,10.13389206,6
2FTL_EI,2,EI,I.K15I,11.17099953,8.556282997,6
2FTL_EI,2,EI,I.K15D,11.50300026,14.95924664,6
2FTL_EI,2,EI,I.K15V,11.75599957,10.51140022,6
2FTL_EI,2,EI,I.K15G,12.35200024,11.1942625,6
2G2U_AB,2,AB,A.D104E,-4.383999825,-2.250329733,6
2G2U_AB,2,AB,B.E73M,-3.536000013,0.00906969,6
2G2U_AB,2,AB,B.Y50A,-2.075999975,-0.767838478,6
2G2U_AB,2,AB,B.E73A,-1.978999972,-0.605441213,6
2G2U_AB,2,AB,B.Y143A,-1.847000003,-0.027159452,6
2G2U_AB,2,AB,A.D104A,-1.542999983,-1.479544282,6
2G2U_AB,2,AB,B.S130K,-1.468999982,0.190697104,6
2G2U_AB,2,AB,B.S39A,-0.95599997,-1.71612215,6
2G2U_AB,2,AB,B.S35A,-0.950999975,0.210874796,6
2G2U_AB,2,AB,B.Y51A,-0.629000008,0.1115769,6
2G2U_AB,2,AB,B.S113A,-0.611999989,0.235941023,6
2G2U_AB,2,AB,B.S71A,-0.512000024,-0.829459488,6
2G2U_AB,2,AB,A.D104K,-0.453000009,-0.276303768,6
2G2U_AB,2,AB,B.G48A,-0.426999986,-0.030178243,6
2G2U_AB,2,AB,B.G141A,-0.414000005,-0.277052552,6
2G2U_AB,2,AB,B.R144A,-0.342000008,0.628392994,6
2G2U_AB,2,AB,B.K74A,-0.216999993,0.158035219,6
2G2U_AB,2,AB,B.F142A,0.275999993,0.30406931,6
2G2U_AB,2,AB,B.W162A,0.531000018,0.553815722,6
2G2U_AB,2,AB,B.E31A,0.651000023,0.082669936,6
2G2U_AB,2,AB,B.R160A,0.670000017,2.251675367,6
2G2U_AB,2,AB,B.W112A,0.958999991,0.686925769,6
2G2U_AB,2,AB,B.H148A,1.118999958,1.224577665,6
2G2U_AB,2,AB,B.H41A,1.717000008,0.800689757,6
2G2U_AB,2,AB,B.W150A,1.784999967,2.050364971,6
2G2U_AB,2,AB,B.Y53A,2.302000046,-0.10228388,6
2G2U_AB,2,AB,B.F36A,2.763999939,1.617410779,6
2G2W_AB,2,AB,A.K104D,0.453000009,0.590435445,6
2GOX_ABCD,2,AB,B.N138A,1.570000052,3.528822184,6
2GOX_ABCD,2,AB,B.R131A,2.246999979,2.309785843,6
2GYK_ABEF,2,AB,A.A51D,-5.918000221,-7.544126987,6
2HLE_AB,2,AB,A.K149Q,-0.411000013,0.491550982,6
2HLE_AB,2,AB,A.L95R,2.286999941,0.526553571,6
2HRK_AB,2,AB,B.T57V,0.624000013,1.153479457,6
2HRK_AB,2,AB,A.T127V,0.721000016,1.297382236,6
2HRK_AB,2,AB,A.K159A,0.953999996,0.615382254,6
2I26_LMNOPQ,2,LN,N.S61R,-0.625999987,0.538382709,6
2I26_LMNOPQ,2,LN,N.A30V,0.029999999,0.285965651,6
2J0T_ABCDEF,2,AD,D.V4A,0,0.347747445,6
2J0T_ABCDEF,2,AD,D.V69I,0.791000009,0.71635741,6
2J0T_ABCDEF,2,AD,D.V4S,0.981999993,0.265192986,6
2J0T_ABCDEF,2,AD,D.V69T,1.287999988,1.368296146,6
2J0T_ABCDEF,2,AD,D.T2S,1.593999982,0.414300919,6
2J0T_ABCDEF,2,AD,D.V4I,1.643000007,1.221775532,6
2J0T_ABCDEF,2,AD,D.M66A,1.643000007,1.063543081,6
2J0T_ABCDEF,2,AD,D.V4K,1.825000048,1.03786242,6
2J0T_ABCDEF,2,AD,D.S68A,2.105999947,0.671501338,6
2J0T_ABCDEF,2,AD,D.S68E,2.184999943,1.043813348,6
2J0T_ABCDEF,2,AD,D.T2L,2.681999922,1.397242904,6
2J0T_ABCDEF,2,AD,D.S68R,2.835999966,1.160427213,6
2J0T_ABCDEF,2,AD,D.S68Y,2.977999926,1.506697536,6
2J0T_ABCDEF,2,AD,D.T2A,4.289000034,0.683827758,6
2J0T_ABCDEF,2,AD,D.C70S,4.309000015,4.257595539,6
2J0T_ABCDEF,2,AD,D.T2R,5.046000004,0.381419361,6
2J12_AB,2,AB,A.S299A,0.953999996,0.630105019,6
2J1K_ABCDEFGHIJKLMNO,6,CHIJPT,C.R515A,0.052000001,0.171219364,6
2J1K_ABCDEFGHIJKLMNO,6,CHIJPT,C.G370D,0.184,0.611233652,6
2J1K_ABCDEFGHIJKLMNO,6,CHIJPT,C.R384A,0.764999986,0.952130616,6
2J8U_ABCEFHIJLM,5,ABCEF,A.A66K,-0.727999985,0.611890376,6
2JCC_ABCEFHIJLM,5,ABCEF,A.A167W,-0.298999995,-0.298208922,6
2JEL_HLP,3,HLP,P.H76D,-0.651000023,0.668869436,6
2JEL_HLP,3,HLP,P.H76A,-0.411000013,0.509464443,6
2JEL_HLP,3,HLP,P.Q57E,-0.411000013,0.511834323,6
2JEL_HLP,3,HLP,P.T34Q,0,0.465714812,6
2JEL_HLP,3,HLP,P.V6F,0,0.505151093,6
2JEL_HLP,3,HLP,P.E85D,0,0.385675758,6
2JEL_HLP,3,HLP,P.R17K,0,0.444804251,6
2JEL_HLP,3,HLP,P.F2Y,0,0.396279365,6
2JEL_HLP,3,HLP,P.P11E,0,0.426904857,6
2JEL_HLP,3,HLP,P.E85K,0,0.387813956,6
2JEL_HLP,3,HLP,P.S46C,0,0.456338078,6
2JEL_HLP,3,HLP,P.A82S,0,0.351637512,6
2JEL_HLP,3,HLP,P.T62N,0,0.479134738,6
2JEL_HLP,3,HLP,P.K72R,0,0.408263534,6
2JEL_HLP,3,HLP,P.N38T,0,0.423893303,6
2JEL_HLP,3,HLP,P.E83A,0,0.361288577,6
2JEL_HLP,3,HLP,P.T62A,0,0.4776752,6
2JEL_HLP,3,HLP,P.S43C,0,0.454351932,6
2JEL_HLP,3,HLP,P.T7S,0,0.486294299,6
2JEL_HLP,3,HLP,P.N12D,0,0.420957685,6
2JEL_HLP,3,HLP,P.E85Q,0,0.3894642,6
2JEL_HLP,3,HLP,P.K27E,0,0.40217942,6
2JEL_HLP,3,HLP,P.R17G,0,0.442631334,6
2JEL_HLP,3,HLP,P.K24E,0,0.397004783,6
2JEL_HLP,3,HLP,P.E85A,0,0.363811642,6
2JEL_HLP,3,HLP,P.T36Q,0.411000013,0.552274823,6
2JEL_HLP,3,HLP,P.E5D,0.411000013,0.429145753,6
2JEL_HLP,3,HLP,P.T7N,0.411000013,0.577213705,6
2JEL_HLP,3,HLP,P.E68A,0.411000013,0.507442117,6
2JEL_HLP,3,HLP,P.K72E,0.411000013,0.530019462,6
2JEL_HLP,3,HLP,P.K79E,0.411000013,0.545842111,6
2JEL_HLP,3,HLP,P.E5Q,0.713,0.635702968,6
2JEL_HLP,3,HLP,P.D69E,0.953999996,0.744398236,6
2JEL_HLP,3,HLP,P.Q4K,1.363999963,0.576816499,6
2JEL_HLP,3,HLP,P.S41C,1.496000051,0.691283643,6
2JEL_HLP,3,HLP,P.F2W,2.619999886,4.137210846,6
2JEL_HLP,3,HLP,P.E75R,2.727999926,0.919972539,6
2JEL_HLP,3,HLP,P.E70A,2.727999926,0.837149501,6
2JEL_HLP,3,HLP,P.Q71E,2.727999926,0.999594212,6
2JEL_HLP,3,HLP,P.E70K,4.092999935,3.619099855,6
2JEL_HLP,3,HLP,P.S64T,4.092999935,4.218194008,6
2JEL_HLP,3,HLP,P.E66K,4.092999935,2.954684973,6
2JEL_HLP,3,HLP,P.Q3K,4.092999935,4.023393631,6
2JEL_HLP,3,HLP,P.T34N,6.821000099,5.148476124,6
2KSO_AB,2,AB,A.R56E,-0.662,-0.083015107,6
2KSO_AB,2,AB,B.H47E,-0.155000001,0.694706082,6
2KSO_AB,2,AB,A.K23D,0.331999987,0.353670061,6
2KSO_AB,2,AB,A.K62D,1.340999961,0.857967019,6
2KSO_AB,2,AB,A.K62E,1.340999961,1.027557373,6
2NU0_EI,2,EI,I.W18L,-1.86500001,-0.058647111,6
2NU1_EI,2,EI,I.H18L,-1.713999987,-2.203050137,6
2NU2_EI,2,EI,I.R18L,-3.367000103,-3.167668104,6
2NU4_EI,2,EI,I.K18L,-3.181999922,-4.486936569,6
2NYY_ACD,3,ACD,C.S31N,-0.356000006,0.32329914,6
2NYY_ACD,3,ACD,D.E6Q,-0.25,0.495005369,6
2NYY_ACD,3,ACD,A.S902A,-0.231999993,0.933353662,6
2NYY_ACD,3,ACD,D.V37I,-0.215000004,0.098284103,6
2NYY_ACD,3,ACD,A.K923A,-0.141000003,-0.484515458,6
2NYY_ACD,3,ACD,D.M34Q,-0.059999999,0.6955899,6
2NYY_ACD,3,ACD,A.K1056A,-0.028999999,0.909949005,6
2NYY_ACD,3,ACD,A.I956A,-0.01,0.127002224,6
2NYY_ACD,3,ACD,A.S955A,0,0.508288145,6
2NYY_ACD,3,ACD,A.D1058A,0.009,0.594731688,6
2NYY_ACD,3,ACD,D.Y31D,0.064999998,1.102480888,6
2NYY_ACD,3,ACD,D.K30R,0.071999997,0.655134737,6
2NYY_ACD,3,ACD,A.N954A,0.100000001,1.132690907,6
2NYY_ACD,3,ACD,C.H34R,0.101999998,1.24611032,6
2NYY_ACD,3,ACD,D.Y31Q,0.129999995,0.461072385,6
2NYY_ACD,3,ACD,A.K903A,0.293000013,0.895417929,6
2NYY_ACD,3,ACD,A.R1294A,0.301999986,0.664456069,6
2NYY_ACD,3,ACD,C.S28Q,0.416000009,0.471705407,6
2NYY_ACD,3,ACD,A.F917A,0.421999991,0.738993526,6
2NYY_ACD,3,ACD,D.Y57Q,0.523000002,0.911979318,6
2NYY_ACD,3,ACD,A.Q915A,0.524999976,0.477437943,6
2NYY_ACD,3,ACD,C.D30Y,0.646000028,-2.58926034,6
2NYY_ACD,3,ACD,A.R1061A,0.825999975,0.690704644,6
2NYY_ACD,3,ACD,A.N918A,0.897000015,2.021002293,6
2NYY_ACD,3,ACD,A.T1063A,1.643000007,1.984612346,6
2NYY_ACD,3,ACD,A.D1062A,2.548000097,0.959536135,6
2NYY_ACD,3,ACD,A.L919A,2.60800004,2.062804699,6
2NYY_ACD,3,ACD,A.E920A,2.859999895,2.651122093,6
2NYY_ACD,3,ACD,A.F953A,4.087999821,1.293881536,6
2NYY_ACD,3,ACD,A.H1064A,7.372000217,0.839367092,6
2NZ9_AHL,3,ACD,A.K923A,-0.301999986,0.292596698,6
2NZ9_AHL,3,ACD,A.N954A,-0.152999997,-0.543993711,6
2NZ9_AHL,3,ACD,A.S902A,-0.119999997,0.645537436,6
2NZ9_AHL,3,ACD,A.S955A,-0.079000004,1.131066799,6
2NZ9_AHL,3,ACD,A.F917A,-0.050000001,0.078145683,6
2NZ9_AHL,3,ACD,A.D1058A,-0.030999999,-0.837641895,6
2NZ9_AHL,3,ACD,A.K1056A,-0.009,0.468635857,6
2NZ9_AHL,3,ACD,A.I956A,0.07,0.530007303,6
2NZ9_AHL,3,ACD,A.Q915A,0.100000001,1.21023035,6
2NZ9_AHL,3,ACD,A.R1061A,0.293000013,1.091766953,6
2NZ9_AHL,3,ACD,A.R1294A,0.393000007,0.395378858,6
2NZ9_AHL,3,ACD,A.K903A,0.545000017,0.137530938,6
2NZ9_AHL,3,ACD,A.N918A,2.176000118,0.939642787,6
2NZ9_AHL,3,ACD,A.L919A,2.296000004,1.153727531,6
2NZ9_AHL,3,ACD,A.D1062A,2.355999947,1.479446292,6
2NZ9_AHL,3,ACD,A.T1063A,2.387000084,0.964093864,6
2NZ9_AHL,3,ACD,A.E920A,2.789999962,2.157066345,6
2NZ9_AHL,3,ACD,A.F953A,3.36500001,2.260086775,6
2NZ9_AHL,3,ACD,A.H1064A,7.47300005,0.90037024,6
2O3B_AB,2,AB,B.E24D,0.598999977,2.086831093,6
2O3B_AB,2,AB,B.Q74A,3.23300004,0.72813952,6
2O3B_AB,2,AB,B.W76A,4.073999882,5.069224834,6
2O3B_AB,2,AB,B.E24Q,5.397999763,2.779129505,6
2O3B_AB,2,AB,B.D75E,5.438000202,1.557384849,6
2O3B_AB,2,AB,B.E24A,5.474999905,5.675459862,6
2O3B_AB,2,AB,B.D75N,5.902999878,2.553104401,6
2OI9_ABCQ,4,ABCQ,Q.F5R,3.101000071,2.96205759,6
2OOB_AB,2,AB,A.K935E,-0.178000003,0.678481579,6
2OOB_AB,2,AB,A.G941S,0.234999999,1.895360827,6
2OOB_AB,2,AB,A.A937E,3.102999926,0.223889247,6
2P5E_ABCDE,5,ABCDE,D.Y31D,7.607999802,1.043488383,6
2PCB_ABC,2,AB,A.E291Q,-0.057,1.788945317,6
2PCB_ABC,2,AB,A.E32Q,0.606000006,0.740288436,6
2PCB_ABC,2,AB,A.E35Q,0.675999999,1.055913329,6
2PCB_ABC,2,AB,A.A193F,0.734000027,1.373389482,6
2PCB_ABC,2,AB,A.D34N,0.82099998,0.785899043,6
2PCB_ABC,2,AB,A.E290N,0.870999992,0.280260324,6
2PCC_ABCD,2,AB,A.D34A,-0.897000015,0.208102837,6
2PCC_ABCD,2,AB,B.K72A,0.30399999,0.368664712,6
2PCC_ABCD,2,AB,B.K87A,0.90200001,0.18038179,6
2PCC_ABCD,2,AB,B.A81G,1.90199995,1.343294144,6
2PCC_ABCD,2,AB,A.V197A,2.102999926,-0.006614887,6
2PCC_ABCD,2,AB,A.E290A,6.203000069,1.068706393,6
2REX_ABCD,2,AB,B.Y114F,0,0.513265133,6
2REX_ABCD,2,AB,A.L1815Y,0.558000028,0.794672906,6
2SGP_EI,2,EI,I.P18L,-8.446000099,-9.289988518,6
2SGQ_EI,2,EI,I.Q18L,-2.604000092,-2.016145706,6
2SIC_EI,2,EI,I.M73L,-0.239999995,0.694519162,7
2SIC_EI,2,EI,I.M73K,0,0.515295804,7
2SIC_EI,2,EI,I.M73R,0,0.545330048,7
2SIC_EI,2,EI,I.M73G,0.144999996,-0.393883228,6
2SIC_EI,2,EI,I.M73H,0.217999995,0.178036898,6
2SIC_EI,2,EI,I.M73A,0.217999995,0.112163484,6
2SIC_EI,2,EI,I.M73V,0.713,0.833970428,7
2SIC_EI,2,EI,I.M73D,0.751999974,-4.536065578,6
2SIC_EI,2,EI,I.M73E,0.796000004,0.770216107,6
2SIC_EI,2,EI,I.M73I,1.603999972,0.631452262,6
2UWE_ABCEFHIJLM,5,ABCEF,A.A163T,0.404000014,0.204704344,7
2VIR_ABC,3,ABC,C.S157L,3.681999922,1.553818107,7
2VIR_ABC,3,ABC,C.T131I,4.914000034,10.27966213,7
2VIS_ABC,3,ABC,C.I131T,-4.914000034,-4.415421009,7
2VLN_AB,2,AB,B.A75N,-2.335999966,0.106452405,7
2VLO_AB,2,AB,B.A97K,-1.960999966,-0.530246854,7
2VLP_AB,2,AB,B.A54R,-1.666000009,0.137616277,7
2VLQ_AB,2,AB,B.A86F,-3.881000042,-2.886249304,7
2VLR_ABCDEFGHIJ,5,ABCDE,E.A99S,0.035,0.933498859,7
2WPT_AB,2,AB,A.D33L,-3.403000116,-0.12839137,7
2WPT_AB,2,AB,A.R38A,-1.110999942,-1.227960467,7
2WPT_AB,2,AB,A.R38T,-1.037999988,0.443447143,7
2WPT_AB,2,AB,A.N34V,-0.897000015,0.651222527,7
2WPT_AB,2,AB,B.S74A,-0.848999977,0.341094196,7
2WPT_AB,2,AB,B.S77A,-0.611999989,0.642669201,7
2WPT_AB,2,AB,A.N34A,-0.379999995,1.185968161,7
2WPT_AB,2,AB,A.R42E,-0.372000009,-1.430313587,7
2WPT_AB,2,AB,A.R42A,-0.239999995,0.694991112,7
2WPT_AB,2,AB,B.S78A,-0.150000006,0.264578402,7
2WPT_AB,2,AB,A.D33A,-0.131999999,0.025336383,7
2WPT_AB,2,AB,B.S84A,-0.093999997,0.15553984,7
2WPT_AB,2,AB,A.E39H,0.037999999,0.784509242,7
2WPT_AB,2,AB,B.V98A,0.119000003,-0.118703157,7
2WPT_AB,2,AB,B.K97A,0.497000009,-1.567511678,7
2WPT_AB,2,AB,B.T87A,0.526000023,0.899562538,7
2WPT_AB,2,AB,B.Q92A,0.899999976,1.159405112,7
2WPT_AB,2,AB,B.N72A,0.917999983,0.681463122,7
2WPT_AB,2,AB,B.R54A,1.133999944,1.364227057,7
2WPT_AB,2,AB,B.F86A,1.169999957,1.144482851,7
2WPT_AB,2,AB,B.N75A,1.238000035,0.506545126,7
2WPT_AB,2,AB,A.E30A,1.733999968,1.454011798,7
2WPT_AB,2,AB,A.S50A,2.426000118,1.226823449,7
2WPT_AB,2,AB,A.P56A,2.927999973,1.802604198,7
2WPT_AB,2,AB,A.V37A,3.809000015,1.313970327,7
2WPT_AB,2,AB,A.E41A,4.502999783,3.561117887,7
2WPT_AB,2,AB,A.Y55A,5.21600008,3.913321972,7
2WPT_AB,2,AB,A.Y54A,5.21600008,2.944578648,7
2WPT_AB,2,AB,A.D51A,5.21600008,2.368078232,7
3AAA_ABC,3,ABC,C.E78A,1.965999961,3.808205605,7
3AAA_ABC,3,ABC,A.R266A,2.246000051,2.112578154,7
3AAA_ABC,3,ABC,A.K256A,2.487999916,1.838981986,7
3AAA_ABC,3,ABC,A.R260A,3.048000097,0.597192645,7
3AAA_ABC,3,ABC,C.W8A,3.388999939,2.7012012,7
3AAA_ABC,3,ABC,A.K256E,3.450000048,2.178882837,7
3AAA_ABC,3,ABC,A.R266E,3.563999891,2.552637339,7
3AAA_ABC,3,ABC,A.R260E,4.000999928,2.082221746,7
3AAA_ABC,3,ABC,C.E78R,4.092999935,4.872893333,7
3AAA_ABC,3,ABC,C.D44A,5.125,1.560877562,7
3B4V_ABCDEFGH,4,ABCD,C.L24E,0.82099998,0.870046675,7
3B4V_ABCDEFGH,4,ABCD,C.L61A,3.392999887,3.292390347,7
3B4V_ABCDEFGH,4,ABCD,C.L57A,3.58100009,3.463387251,7
3B4V_ABCDEFGH,4,ABCD,C.F60A,3.849999905,1.681738257,7
3B4V_ABCDEFGH,4,ABCD,C.F60E,3.881000042,2.925357819,7
3B4V_ABCDEFGH,4,ABCD,C.L61E,4.092999935,5.042594433,7
3B4V_ABCDEFGH,4,ABCD,C.L57E,4.132999897,4.38120842,7
3BK3_ABCD,4,ABCD,C.L1A,0,0.550730228,7
3BK3_ABCD,4,ABCD,C.L1R,0.026000001,-0.120352574,7
3BK3_ABCD,4,ABCD,C.I18R,0.423999995,0.633282661,7
3BK3_ABCD,4,ABCD,C.T3P,0.486000001,0.712372303,7
3BK3_ABCD,4,ABCD,C.I18A,0.486000001,0.121321246,7
3BK3_ABCD,4,ABCD,C.I2R,0.651000023,0.384050429,7
3BK3_ABCD,4,ABCD,C.I2A,1.039000034,-0.110943682,7
3BK3_ABCD,4,ABCD,C.I27R,1.174999952,0.600640535,7
3BK3_ABCD,4,ABCD,C.I27A,1.261999965,0.882594287,7
3BK3_ABCD,4,ABCD,C.I21A,1.307999969,1.075454116,7
3BK3_ABCD,4,ABCD,C.A36R,1.383000016,-0.371489316,7
3BK3_ABCD,4,ABCD,C.T5P,1.743000031,0.616857886,7
3BK3_ABCD,4,ABCD,C.I21R,2.121999979,0.919071913,7
3BN9_ABCDEF,3,BCD,B.Q38A,-0.414999992,0.189984903,7
3BN9_ABCDEF,3,BCD,B.R87A,-0.158999994,0.689300179,7
3BN9_ABCDEF,3,BCD,B.R222A,-0.093999997,0.576926827,7
3BN9_ABCDEF,3,BCD,D.T98R,-0.057999998,1.009449363,7
3BN9_ABCDEF,3,BCD,B.Q174A,-0.035,1.162425518,7
3BN9_ABCDEF,3,BCD,D.T98Q,-0.022,1.113021255,7
3BN9_ABCDEF,3,BCD,B.I41A,0,0.552768588,7
3BN9_ABCDEF,3,BCD,B.H143A,0.085000001,0.589471817,7
3BN9_ABCDEF,3,BCD,B.Q145A,0.133000001,0.349028617,7
3BN9_ABCDEF,3,BCD,B.T150A,0.291000009,0.487173289,7
3BN9_ABCDEF,3,BCD,D.T28R,0.333000004,0.0983757,7
3BN9_ABCDEF,3,BCD,B.L153A,0.335999995,0.205622703,7
3BN9_ABCDEF,3,BCD,B.E169A,0.372999996,0.65109241,7
3BN9_ABCDEF,3,BCD,D.Y99S,0.458999991,1.018805146,7
3BN9_ABCDEF,3,BCD,B.D217A,0.565999985,0.90885967,7
3BN9_ABCDEF,3,BCD,B.F94A,0.639999986,0.83899051,7
3BN9_ABCDEF,3,BCD,B.N95A,0.773999989,2.404277325,7
3BN9_ABCDEF,3,BCD,B.K224A,0.785000026,0.162123591,7
3BN9_ABCDEF,3,BCD,B.I60A,0.836000025,1.572354555,7
3BN9_ABCDEF,3,BCD,B.Y146A,1.085000038,0.90362215,7
3BN9_ABCDEF,3,BCD,B.T98A,1.133000016,0.315834552,7
3BN9_ABCDEF,3,BCD,D.S30N,1.146000028,0.315418154,7
3BN9_ABCDEF,3,BCD,D.S30G,1.187000036,0.378631055,7
3BN9_ABCDEF,3,BCD,D.P100H,2.427999973,0.763449132,7
3BN9_ABCDEF,3,BCD,B.Q175A,2.50999999,0.77743727,7
3BN9_ABCDEF,3,BCD,B.D96A,6.697999954,1.550280571,7
3BN9_ABCDEF,3,BCD,B.F97A,6.697999954,2.87650919,7
3BN9_renum_ABCDEF,3,BCD,B.R51A,-0.071999997,0.005761536,7
3BN9_renum_ABCDEF,3,BCD,B.R48A,-0.045000002,2.752634764,7
3BN9_renum_ABCDEF,3,BCD,B.F50A,-0.045000002,0.077952325,7
3BN9_renum_ABCDEF,3,BCD,B.Y52A,0.018999999,0.180621356,7
3BN9_renum_ABCDEF,3,BCD,B.D47A,0.31099999,0.502215922,7
3BN9_renum_ABCDEF,3,BCD,B.D46A,0.423000008,0.632862568,7
3BN9_renum_ABCDEF,3,BCD,B.Q218A,0.70599997,0.554096222,7
3BN9_renum_ABCDEF,3,BCD,D.Q105V,1.225000024,1.00970149,7
3BP8_ABCD,4,ABCD,C.A63F,0.61500001,2.125231028,7
3BP8_ABCD,4,ABCD,A.F136A,0.708999991,0.359625489,7
3BT1_ABU,3,ABU,U.G99A,-0.663999975,0.22187604,7
3BT1_ABU,3,ABU,U.L212A,-0.523999989,-0.018538021,7
3BT1_ABU,3,ABU,U.V224A,-0.493000001,3.763763666,7
3BT1_ABU,3,ABU,U.W129A,-0.437000006,0.169459119,7
3BT1_ABU,3,ABU,U.G204A,-0.411000013,0.532105446,7
3BT1_ABU,3,ABU,U.A244S,-0.316000015,-0.199135587,7
3BT1_ABU,3,ABU,U.I130A,-0.316000015,-0.012696752,7
3BT1_ABU,3,ABU,U.E119A,-0.294,0.333554894,7
3BT1_ABU,3,ABU,U.G270A,-0.294,0.54487592,7
3BT1_ABU,3,ABU,U.R137A,-0.287999988,0.327736229,7
3BT1_ABU,3,ABU,U.P180A,-0.273000002,0.331994981,7
3BT1_ABU,3,ABU,U.S196A,-0.273000002,0.499213338,7
3BT1_ABU,3,ABU,U.P118A,-0.252999991,0.443616956,7
3BT1_ABU,3,ABU,U.E209A,-0.252999991,0.431119442,7
3BT1_ABU,3,ABU,U.A225S,-0.233999997,-0.053229436,7
3BT1_ABU,3,ABU,U.G158A,-0.233999997,0.088393994,7
3BT1_ABU,3,ABU,U.T202A,-0.233999997,0.372756302,7
3BT1_ABU,3,ABU,U.N259A,-0.233999997,0.282786638,7
3BT1_ABU,3,ABU,U.N190A,-0.233999997,0.090406485,7
3BT1_ABU,3,ABU,U.S207A,-0.215000004,0.444142342,7
3BT1_ABU,3,ABU,U.S206A,-0.215000004,0.413336247,7
3BT1_ABU,3,ABU,U.T226A,-0.215000004,0.464657843,7
3BT1_ABU,3,ABU,U.G133A,-0.215000004,0.15329355,7
3BT1_ABU,3,ABU,U.Q193A,-0.196999997,0.467596084,7
3BT1_ABU,3,ABU,U.E42A,-0.196999997,0.237465695,7
3BT1_ABU,3,ABU,U.A242S,-0.179000005,0.050287429,7
3BT1_ABU,3,ABU,U.S235A,-0.179000005,0.33420521,7
3BT1_ABU,3,ABU,U.N220A,-0.179000005,0.153426439,7
3BT1_ABU,3,ABU,U.Q189A,-0.179000005,0.314486414,7
3BT1_ABU,3,ABU,U.E134A,-0.162,0.074599229,7
3BT1_ABU,3,ABU,U.L93A,-0.162,0.349067479,7
3BT1_ABU,3,ABU,U.S269A,-0.144999996,0.553478062,7
3BT1_ABU,3,ABU,U.E135A,-0.144999996,0.538410485,7
3BT1_ABU,3,ABU,U.S201A,-0.128999993,0.637338102,7
3BT1_ABU,3,ABU,U.Q114A,-0.128999993,0.362692535,7
3BT1_ABU,3,ABU,U.L61A,-0.128999993,0.190518305,7
3BT1_ABU,3,ABU,U.P218A,-0.112999998,0.781867564,7
3BT1_ABU,3,ABU,U.Y149A,-0.112999998,0.87677002,7
3BT1_ABU,3,ABU,U.E208A,-0.112999998,0.407656133,7
3BT1_ABU,3,ABU,U.D163A,-0.097999997,-0.012384507,7
3BT1_ABU,3,ABU,U.Q131A,-0.097999997,0.639792621,7
3BT1_ABU,3,ABU,U.G217A,-0.097999997,0.269467652,7
3BT1_ABU,3,ABU,U.G191A,-0.097999997,0.243849188,7
3BT1_ABU,3,ABU,U.G136A,-0.082999997,0.414322495,7
3BT1_ABU,3,ABU,U.T164A,-0.082999997,0.508021474,7
3BT1_ABU,3,ABU,U.T86A,-0.082999997,1.095371008,7
3BT1_ABU,3,ABU,U.G240A,-0.082999997,0.50039053,7
3BT1_ABU,3,ABU,U.Q221A,-0.068000004,0.099545039,7
3BT1_ABU,3,ABU,U.D214A,-0.068000004,0.076898336,7
3BT1_ABU,3,ABU,U.Q121A,-0.068000004,0.079552062,7
3BT1_ABU,3,ABU,U.S264A,-0.068000004,0.394718677,7
3BT1_ABU,3,ABU,U.R58A,-0.068000004,0.317512125,7
3BT1_ABU,3,ABU,U.S245A,-0.068000004,0.320307583,7
3BT1_ABU,3,ABU,U.Y195A,-0.068000004,0.501178324,7
3BT1_ABU,3,ABU,U.S156A,-0.039999999,0.453271925,7
3BT1_ABU,3,ABU,U.D11A,-0.026000001,0.163493961,7
3BT1_ABU,3,ABU,U.E49A,-0.026000001,0.360364884,7
3BT1_ABU,3,ABU,U.R216A,-0.026000001,0.447363526,7
3BT1_ABU,3,ABU,U.T228A,-0.026000001,0.452513516,7
3BT1_ABU,3,ABU,U.P188A,-0.013,-1.131943583,7
3BT1_ABU,3,ABU,U.P274A,-0.013,-0.479394644,7
3BT1_ABU,3,ABU,U.W32A,-0.013,0.1785734,7
3BT1_ABU,3,ABU,U.E120A,0,0.576122701,7
3BT1_ABU,3,ABU,U.G20A,0,0.576702535,7
3BT1_ABU,3,ABU,U.N200Q,0.013,0.275814086,7
3BT1_ABU,3,ABU,U.S117A,0.013,0.440997779,7
3BT1_ABU,3,ABU,U.H203A,0.013,0.230265662,7
3BT1_ABU,3,ABU,U.E178A,0.025,0.422606766,7
3BT1_ABU,3,ABU,U.G199A,0.025,0.738406956,7
3BT1_ABU,3,ABU,U.M4A,0.037,0.662843108,7
3BT1_ABU,3,ABU,U.E132A,0.037,0.199034974,7
3BT1_ABU,3,ABU,U.P231A,0.048999999,0.436062723,7
3BT1_ABU,3,ABU,U.H249A,0.048999999,0.150260091,7
3BT1_ABU,3,ABU,U.S56A,0.048999999,0.4437747,7
3BT1_ABU,3,ABU,U.E37A,0.048999999,0.051999237,7
3BT1_ABU,3,ABU,U.E68A,0.048999999,0.076090731,7
3BT1_ABU,3,ABU,U.H260A,0.048999999,0.302855939,7
3BT1_ABU,3,ABU,U.M237A,0.048999999,0.405759007,7
3BT1_ABU,3,ABU,U.D275A,0.048999999,0.039633874,7
3BT1_ABU,3,ABU,U.D254A,0.061000001,0.302179754,7
3BT1_ABU,3,ABU,U.T267A,0.061000001,1.150814772,7
3BT1_ABU,3,ABU,U.Q5A,0.061000001,0.756047368,7
3BT1_ABU,3,ABU,U.A18S,0.072999999,0.045158155,7
3BT1_ABU,3,ABU,U.I28A,0.072999999,0.083837293,7
3BT1_ABU,3,ABU,U.Q111A,0.083999999,0.304585576,7
3BT1_ABU,3,ABU,U.E16A,0.083999999,0.035197966,7
3BT1_ABU,3,ABU,U.E36A,0.094999999,0.050929818,7
3BT1_ABU,3,ABU,U.Q234A,0.094999999,0.516292751,7
3BT1_ABU,3,ABU,U.K268A,0.094999999,0.321595103,7
3BT1_ABU,3,ABU,U.G82A,0.094999999,0.155515358,7
3BT1_ABU,3,ABU,U.R2A,0.094999999,0.61709857,7
3BT1_ABU,3,ABU,U.D262A,0.105999999,1.381908655,7
3BT1_ABU,3,ABU,U.E15A,0.116999999,0.094696216,7
3BT1_ABU,3,ABU,U.I63A,0.116999999,0.326449335,7
3BT1_ABU,3,ABU,U.A250S,0.127000004,0.095621429,7
3BT1_ABU,3,ABU,U.M246A,0.127000004,1.473986387,7
3BT1_ABU,3,ABU,U.F167A,0.127000004,0.573873401,7
3BT1_ABU,3,ABU,U.I261A,0.136999995,-0.313628107,7
3BT1_ABU,3,ABU,U.H273A,0.147,0.303934008,7
3BT1_ABU,3,ABU,U.I213A,0.147,0.314764321,7
3BT1_ABU,3,ABU,U.V70A,0.147,0.409040451,7
3BT1_ABU,3,ABU,U.V238A,0.157000005,0.667250216,7
3BT1_ABU,3,ABU,U.E39A,0.157000005,0.390204936,7
3BT1_ABU,3,ABU,U.L19A,0.177000001,0.415690839,7
3BT1_ABU,3,ABU,U.E230A,0.177000001,0.088510178,7
3BT1_ABU,3,ABU,U.G253A,0.177000001,0.384101212,7
3BT1_ABU,3,ABU,U.N172Q,0.177000001,0.490229756,7
3BT1_ABU,3,ABU,U.Y92A,0.177000001,1.035831928,7
3BT1_ABU,3,ABU,U.T8A,0.177000001,0.61773026,7
3BT1_ABU,3,ABU,U.I96A,0.186000004,0.231260926,7
3BT1_ABU,3,ABU,U.T26A,0.186000004,0.421635211,7
3BT1_ABU,3,ABU,U.T67A,0.186000004,0.527949452,7
3BT1_ABU,3,ABU,U.Y236A,0.186000004,1.68309021,7
3BT1_ABU,3,ABU,U.F211A,0.195999995,0.165739074,7
3BT1_ABU,3,ABU,U.S90A,0.195999995,0.519286096,7
3BT1_ABU,3,ABU,U.R239A,0.195999995,0.335309386,7
3BT1_ABU,3,ABU,U.H160A,0.204999998,0.30929935,7
3BT1_ABU,3,ABU,U.N80A,0.204999998,0.67933321,7
3BT1_ABU,3,ABU,U.A255S,0.204999998,0.153153196,7
3BT1_ABU,3,ABU,U.E94A,0.204999998,0.302406222,7
3BT1_ABU,3,ABU,U.L187A,0.204999998,0.418290943,7
3BT1_ABU,3,ABU,U.S257A,0.214000002,0.446831167,7
3BT1_ABU,3,ABU,U.R116A,0.214000002,0.292924374,7
3BT1_ABU,3,ABU,U.S44A,0.223000005,0.454331636,7
3BT1_ABU,3,ABU,U.V69A,0.223000005,0.599584341,7
3BT1_ABU,3,ABU,U.G79A,0.223000005,0.407339782,7
3BT1_ABU,3,ABU,U.K43A,0.223000005,0.43126592,7
3BT1_ABU,3,ABU,U.L73A,0.231999993,0.422962666,7
3BT1_ABU,3,ABU,U.T210A,0.231999993,0.506261349,7
3BT1_ABU,3,ABU,U.D22A,0.231999993,0.373087704,7
3BT1_ABU,3,ABU,U.G72A,0.239999995,0.419467717,7
3BT1_ABU,3,ABU,U.S88A,0.239999995,0.596873641,7
3BT1_ABU,3,ABU,U.V263A,0.239999995,0.601183355,7
3BT1_ABU,3,ABU,U.R89A,0.239999995,0.565519989,7
3BT1_ABU,3,ABU,U.Q78A,0.239999995,0.500931978,7
3BT1_ABU,3,ABU,U.S112A,0.248999998,0.500023246,7
3BT1_ABU,3,ABU,U.K198A,0.248999998,0.426163137,7
3BT1_ABU,3,ABU,U.Y87A,0.248999998,0.522452652,7
3BT1_ABU,3,ABU,U.S81A,0.256999999,0.301328301,7
3BT1_ABU,3,ABU,U.K232A,0.264999986,0.364332199,7
3BT1_ABU,3,ABU,U.H229A,0.264999986,0.27971828,7
3BT1_ABU,3,ABU,U.L223A,0.264999986,0.38948524,7
3BT1_ABU,3,ABU,U.R109A,0.264999986,0.438008994,7
3BT1_ABU,3,ABU,U.G10A,0.264999986,0.21650818,7
3BT1_ABU,3,ABU,U.K7A,0.273999989,0.901884854,7
3BT1_ABU,3,ABU,U.T173A,0.273999989,1.468291879,7
3BT1_ABU,3,ABU,U.R13A,0.273999989,0.933499575,7
3BT1_ABU,3,ABU,U.H251A,0.282000005,0.18824026,7
3BT1_ABU,3,ABU,U.V14A,0.282000005,0.381736696,7
3BT1_ABU,3,ABU,U.K169A,0.282000005,0.263732672,7
3BT1_ABU,3,ABU,U.R91A,0.282000005,0.312723339,7
3BT1_ABU,3,ABU,U.V85A,0.282000005,0.781814516,7
3BT1_ABU,3,ABU,U.S101A,0.296999991,1.041462064,7
3BT1_ABU,3,ABU,U.G60A,0.296999991,0.319222063,7
3BT1_ABU,3,ABU,U.N9A,0.305000007,1.378236055,7
3BT1_ABU,3,ABU,U.D74A,0.305000007,0.744000077,7
3BT1_ABU,3,ABU,U.Q21A,0.312999994,0.422147542,7
3BT1_ABU,3,ABU,U.S65A,0.312999994,0.469770521,7
3BT1_ABU,3,ABU,U.L31A,0.312999994,0.411621869,7
3BT1_ABU,3,ABU,U.G35A,0.319999993,0.235625178,7
3BT1_ABU,3,ABU,U.R192A,0.319999993,0.272257835,7
3BT1_ABU,3,ABU,U.G179A,0.328000009,0.202753395,7
3BT1_ABU,3,ABU,U.N186A,0.328000009,0.258392572,7
3BT1_ABU,3,ABU,U.N233A,0.335000008,0.480083406,7
3BT1_ABU,3,ABU,U.P138A,0.335000008,0.580299973,7
3BT1_ABU,3,ABU,U.E34A,0.342000008,0.206112072,7
3BT1_ABU,3,ABU,U.L1A,0.342000008,0.479981005,7
3BT1_ABU,3,ABU,U.T243A,0.349999994,-0.131864101,7
3BT1_ABU,3,ABU,U.R142A,0.363000005,0.385573953,7
3BT1_ABU,3,ABU,U.I181A,0.363999993,0.941137195,7
3BT1_ABU,3,ABU,U.N161A,0.370999992,0.057424508,7
3BT1_ABU,3,ABU,U.E33A,0.377999991,0.300248384,7
3BT1_ABU,3,ABU,U.N162Q,0.391000003,0.321273714,7
3BT1_ABU,3,ABU,U.T54A,0.391000003,0.629094958,7
3BT1_ABU,3,ABU,U.E185A,0.391000003,0.163579568,7
3BT1_ABU,3,ABU,U.H47A,0.391000003,0.281727076,7
3BT1_ABU,3,ABU,U.H128A,0.391000003,0.216121987,7
3BT1_ABU,3,ABU,U.S48A,0.404000014,0.449280351,7
3BT1_ABU,3,ABU,U.R107A,0.404000014,0.207749307,7
3BT1_ABU,3,ABU,U.T174A,0.411000013,0.926997662,7
3BT1_ABU,3,ABU,U.M103A,0.411000013,0.588068545,7
3BT1_ABU,3,ABU,U.H110A,0.416999996,0.346621156,7
3BT1_ABU,3,ABU,U.K62A,0.416999996,0.545969486,7
3BT1_ABU,3,ABU,U.L252A,0.416999996,0.728338659,7
3BT1_ABU,3,ABU,U.R145A,0.419999987,0.649101794,7
3BT1_ABU,3,ABU,U.L23A,0.460000008,0.38249889,7
3BT1_ABU,3,ABU,U.L123A,0.460000008,0.330023885,7
3BT1_ABU,3,ABU,U.T46A,0.460000008,1.292737246,7
3BT1_ABU,3,ABU,U.P154A,0.460000008,0.494161993,7
3BT1_ABU,3,ABU,U.R30A,0.460000008,1.245052099,7
3BT1_ABU,3,ABU,U.E183A,0.460000008,0.193568721,7
3BT1_ABU,3,ABU,U.Q248A,0.460000008,0.788134575,7
3BT1_ABU,3,ABU,U.V41A,0.488999993,0.817052186,7
3BT1_ABU,3,ABU,U.G152A,0.51700002,0.499757111,7
3BT1_ABU,3,ABU,U.L75A,0.51700002,0.547363102,7
3BT1_ABU,3,ABU,U.L38A,0.522000015,0.485810906,7
3BT1_ABU,3,ABU,U.T59A,0.552999973,0.246621728,7
3BT1_ABU,3,ABU,U.P151A,0.597000003,0.901117921,7
3BT1_ABU,3,ABU,U.N157A,0.601999998,2.218558311,7
3BT1_ABU,3,ABU,U.S104A,0.611000001,0.536925256,7
3BT1_ABU,3,ABU,U.N52Q,0.633000016,0.357054949,7
3BT1_ABU,3,ABU,U.K50A,0.64200002,0.127158165,7
3BT1_ABU,3,ABU,U.T64A,0.658999979,0.116082363,7
3BT1_ABU,3,ABU,U.H143A,0.662,0.406740278,7
3BT1_ABU,3,ABU,U.L182A,0.671999991,0.661997616,7
3BT1_ABU,3,ABU,U.K139A,0.674000025,0.460244685,7
3BT1_ABU,3,ABU,U.K175A,0.691999972,1.003583312,7
3BT1_ABU,3,ABU,U.F159A,0.699999988,0.180729404,7
3BT1_ABU,3,ABU,U.T51A,0.712000012,0.734199226,7
3BT1_ABU,3,ABU,U.G227A,0.712000012,0.27113995,7
3BT1_ABU,3,ABU,U.V29A,0.716000021,0.467274874,7
3BT1_ABU,3,ABU,U.L144A,0.723999977,0.580529928,7
3BT1_ABU,3,ABU,U.L184A,0.731000006,2.216284513,7
3BT1_ABU,3,ABU,U.M258A,0.739000022,0.156986564,7
3BT1_ABU,3,ABU,U.V126A,0.745999992,0.234372169,7
3BT1_ABU,3,ABU,U.L168A,0.745999992,0.146037728,7
3BT1_ABU,3,ABU,U.V125A,0.787999988,1.166242957,7
3BT1_ABU,3,ABU,U.D124A,0.787999988,0.682668626,7
3BT1_ABU,3,ABU,U.E106A,0.814999998,1.013089538,7
3BT1_ABU,3,ABU,U.S97A,0.870999992,0.565480769,7
3BT1_ABU,3,ABU,U.L40A,0.870999992,0.43565914,7
3BT1_ABU,3,ABU,U.R53A,0.888000011,0.175137237,7
3BT1_ABU,3,ABU,U.F256A,0.893999994,0.600632012,7
3BT1_ABU,3,ABU,U.T27A,0.911000013,0.448053807,7
3BT1_ABU,3,ABU,U.T127A,1.003000021,0.307112336,7
3BT1_ABU,3,ABU,U.R25A,1.01699996,0.362256527,7
3BT1_ABU,3,ABU,U.H166A,1.027999997,0.827005267,7
3BT1_ABU,3,ABU,U.M219A,1.027999997,0.834743857,7
3BT1_ABU,3,ABU,U.D141A,1.049000025,1.075926065,7
3BT1_ABU,3,ABU,U.F165A,1.06400001,0.277177483,7
3BT1_ABU,3,ABU,U.L55A,1.110999942,1.262027979,7
3BT1_ABU,3,ABU,U.S100A,1.156999946,5.162707806,7
3BT1_ABU,3,ABU,U.Y57A,1.200999975,0.483595163,7
3BT1_ABU,3,ABU,U.G146A,1.251000047,0.144737855,7
3BT1_ABU,3,ABU,U.D140A,1.296000004,0.098332703,7
3BT1_ABU,3,ABU,U.L66A,1.376999974,1.023358345,7
3BT1_ABU,3,ABU,U.G148A,1.440000057,0.415467829,7
3BT1_ABU,3,ABU,U.L113A,1.465000033,0.059487995,7
3BT1_ABU,3,ABU,U.L150A,1.661999941,1.162086606,7
3BT1_ABU,3,ABU,U.D102A,1.692000031,-0.374203533,7
3BTD_EI,2,EI,I.D515K,-11.50300026,-10.15697765,7
3BTE_EI,2,EI,I.E515K,-9.423999786,-8.902075768,7
3BTF_EI,2,EI,I.F515K,-7.02699995,-3.480766296,7
3BTG_EI,2,EI,I.G515K,-12.35200024,-12.06916046,7
3BTH_EI,2,EI,I.H515K,-8.781999588,-6.498761654,7
3BTM_EI,2,EI,I.M515K,-7.691999912,-9.522654533,7
3BTQ_EI,2,EI,I.Q515K,-9.37100029,-7.182651997,7
3BTT_EI,2,EI,I.T515K,-10.59799957,-11.47923279,7
3BTW_EI,2,EI,I.W515K,-8.663999557,-6.239920616,7
3BX1_ABCD,2,AC,C.T89A,0.170000002,0.230231941,7
3BX1_ABCD,2,AC,C.R85G,0.356000006,2.526903868,7
3BX1_ABCD,2,AC,C.F84V,0.411000013,0.948601961,7
3BX1_ABCD,2,AC,C.Y87A,1.299000025,1.374784231,7
3BX1_ABCD,2,AC,C.Y87I,1.781999946,-0.386553138,7
3BX1_ABCD,2,AC,C.A86T,1.837000012,0.544463396,7
3BX1_ABCD,2,AC,C.T88V,2.838999987,-0.681368649,7
3C60_ABCDEFGH,4,ABCD,D.K10A,0,0.616518319,7
3C60_ABCDEFGH,4,ABCD,D.E110A,0,0.590961874,7
3C60_ABCDEFGH,4,ABCD,D.S89A,0,0.668707252,7
3C60_ABCDEFGH,4,ABCD,D.V12A,0,0.679350436,7
3C60_ABCDEFGH,4,ABCD,D.N9A,0,0.62791568,7
3C60_ABCDEFGH,4,ABCD,D.P91A,0,0.628774107,7
3C60_ABCDEFGH,4,ABCD,C.V73A,0,0.67378068,7
3C60_ABCDEFGH,4,ABCD,D.E92A,0,0.582885623,7
3C60_ABCDEFGH,4,ABCD,D.Y86A,0,0.682601333,7
3C60_ABCDEFGH,4,ABCD,D.Q90A,0,0.645111203,7
3C60_ABCDEFGH,4,ABCD,D.R98A,0,0.648083031,7
3C60_ABCDEFGH,4,ABCD,D.F1A,0,0.606437564,7
3C60_ABCDEFGH,4,ABCD,D.E85A,0.046999998,0.46255675,7
3C60_ABCDEFGH,4,ABCD,D.D13A,0.046999998,0.327918738,7
3C60_ABCDEFGH,4,ABCD,D.E95A,0.046999998,0.522036552,7
3C60_ABCDEFGH,4,ABCD,C.K76A,0.046999998,0.571484745,7
3C60_ABCDEFGH,4,ABCD,D.I93A,0.046999998,0.538753092,7
3C60_ABCDEFGH,4,ABCD,D.D102A,0.046999998,0.390659541,7
3C60_ABCDEFGH,4,ABCD,D.R106A,0.046999998,0.808524072,7
3C60_ABCDEFGH,4,ABCD,D.E2A,0.046999998,0.460628062,7
3C60_ABCDEFGH,4,ABCD,C.H69A,0.358999997,0.365973324,7
3C60_ABCDEFGH,4,ABCD,C.K68A,0.561999977,1.080496073,7
3C60_ABCDEFGH,4,ABCD,C.D56A,0.698000014,0.75959146,7
3C60_ABCDEFGH,4,ABCD,C.Q62A,0.869000018,0.680705249,7
3C60_ABCDEFGH,4,ABCD,C.L61A,0.944000006,0.309638292,7
3C60_ABCDEFGH,4,ABCD,C.N63A,0.953999996,0.777896821,7
3C60_ABCDEFGH,4,ABCD,C.Q58A,0.963,0.701340199,7
3C60_ABCDEFGH,4,ABCD,D.H107A,1.085999966,0.559882879,7
3C60_ABCDEFGH,4,ABCD,D.K5A,1.152999997,1.537211776,7
3C60_ABCDEFGH,4,ABCD,D.T103A,1.167000055,0.55320847,7
3C60_ABCDEFGH,4,ABCD,D.Q4A,1.167000055,0.3425529,7
3C60_ABCDEFGH,4,ABCD,C.V66A,1.25,0.919656992,7
3C60_ABCDEFGH,4,ABCD,C.K40A,1.593999982,0.46648106,7
3C60_ABCDEFGH,4,ABCD,D.R96A,2.026000023,1.22956562,7
3C60_ABCDEFGH,4,ABCD,D.K7A,2.151000023,1.471019506,7
3D3V_ABCDE,5,ABCDE,C.Y8F,0.926999986,-0.82300061,7
3D3V_ABCDE,5,ABCDE,E.E30A,2.11500001,1.452457786,7
3D3V_ABCDE,5,ABCDE,E.L98A,2.617000103,0.407395244,7
3D3V_ABCDE,5,ABCDE,C.Y8A,3.414000034,2.959694147,7
3D5R_ABCD,2,AC,C.A48N,-1.570000052,0.164894477,7
3D5S_ABCD,2,AC,C.A41R,-2.246999979,-0.717053056,7
3EG5_ABCD,4,ABCD,A.H104F,-2.085000038,-0.068059303,7
3EQS_AB,2,AB,B.N8A,-1.111999989,1.262314677,7
3EQS_AB,2,AB,B.L9A,-0.170000002,0.251951009,7
3EQS_AB,2,AB,B.S11A,0.116999999,1.35422492,7
3EQS_AB,2,AB,B.T1A,0.39199999,1.991277575,7
3EQS_AB,2,AB,B.E5A,1.11500001,1.344038367,7
3EQS_AB,2,AB,B.S2A,1.264000058,0.649166107,7
3EQS_AB,2,AB,B.Y6A,3.111000061,2.698927879,8
3EQS_AB,2,AB,B.L10A,3.334000111,0.614649653,7
3EQS_AB,2,AB,B.F3A,5.559000015,3.351396084,7
3EQS_AB,2,AB,B.W7A,6.409999847,4.450968266,7
3EQY_ABCD,2,AC,C.N8A,-0.749000013,2.808585644,8
3EQY_ABCD,2,AC,C.L9A,0.034000002,1.141197324,8
3EQY_ABCD,2,AC,C.S11A,0.152999997,1.951441765,8
3EQY_ABCD,2,AC,C.P12A,0.296000004,0.533630848,8
3EQY_ABCD,2,AC,C.T1A,0.375,0.60547936,8
3EQY_ABCD,2,AC,C.S2A,0.870999992,0.948408961,8
3EQY_ABCD,2,AC,C.E5A,1.22300005,0.197505921,8
3EQY_ABCD,2,AC,C.L10A,2.325000048,1.603262782,8
3EQY_ABCD,2,AC,C.Y6A,2.586999893,3.201766253,8
3EQY_ABCD,2,AC,C.F3A,5.660999775,3.432392359,8
3EQY_ABCD,2,AC,C.W7A,6.046000004,3.823442221,8
3F1S_AB,2,AB,A.K239A,-1.80400002,0.143962577,8
3F1S_AB,2,AB,A.K239C,-1.80400002,0.178006321,8
3F1S_AB,2,AB,A.D238A,0.411000013,1.025208712,8
3F1S_AB,2,AB,A.M71A,1.238999963,0.527772903,8
3F1S_AB,2,AB,A.D74A,2.184999943,1.166612267,8
3F1S_AB,2,AB,A.Y240A,2.996000051,0.48112005,8
3F1S_AB,2,AB,A.D293A,3.760999918,-0.472639322,8
3G6D_AHL,3,AHL,H.W105A,-1.496999979,1.995636225,8
3G6D_AHL,3,AHL,H.H104A,-0.953999996,0.346668452,8
3H9S_ABCDE,5,ABCDE,A.A150P,0.163000003,1.08791244,8
3HFM_HLY,3,HLY,Y.Y20F,-0.504999995,1.731332421,8
3HFM_HLY,3,HLY,Y.H15A,-0.44600001,1.04325676,8
3HFM_HLY,3,HLY,Y.R73A,-0.331999987,0.611606538,8
3HFM_HLY,3,HLY,Y.N19Q,-0.043000001,1.316730142,8
3HFM_HLY,3,HLY,Y.I98A,0,0.694496036,8
3HFM_HLY,3,HLY,Y.T89A,0,0.6992172,8
3HFM_HLY,3,HLY,H.D32N,0.170000002,0.292272329,8
3HFM_HLY,3,HLY,H.S31A,0.170000002,0.297087848,8
3HFM_HLY,3,HLY,Y.D101G,0.199000001,1.428441763,8
3HFM_HLY,3,HLY,Y.N93A,0.210999995,0.080304101,8
3HFM_HLY,3,HLY,Y.N19K,0.239999995,0.905647814,8
3HFM_HLY,3,HLY,Y.G102V,0.239999995,0.848610282,8
3HFM_HLY,3,HLY,Y.S100A,0.268000007,1.364001632,8
3HFM_HLY,3,HLY,Y.W63A,0.319000006,0.134855881,8
3HFM_HLY,3,HLY,H.Y58F,0.356999993,0.856410623,8
3HFM_HLY,3,HLY,Y.N19D,0.411000013,1.074277043,8
3HFM_HLY,3,HLY,H.Y53F,0.611000001,0.691852093,8
3HFM_HLY,3,HLY,H.Y53W,0.694999993,0.93979913,8
3HFM_HLY,3,HLY,Y.L75A,0.704999983,0.70766741,8
3HFM_HLY,3,HLY,H.Y53L,0.79400003,0.991554618,8
3HFM_HLY,3,HLY,L.Q53A,0.953999996,0.87605232,8
3HFM_HLY,3,HLY,Y.R21A,1.027999997,1.737577081,8
3HFM_HLY,3,HLY,H.Y33F,1.05400002,0.264619946,8
3HFM_HLY,3,HLY,Y.K97M,1.093999982,1.857564807,8
3HFM_HLY,3,HLY,Y.D101A,1.208999991,0.46328938,8
3HFM_HLY,3,HLY,Y.D101N,1.340999961,1.205505252,8
3HFM_HLY,3,HLY,L.N31D,1.343999982,3.158804417,8
3HFM_HLY,3,HLY,L.Y96F,1.40199995,0.890560567,8
3HFM_HLY,3,HLY,H.Y58L,1.488999963,0.50663662,8
3HFM_HLY,3,HLY,H.Y50F,1.583999991,0.811783791,8
3HFM_HLY,3,HLY,Y.R21K,1.618999958,0.585865557,8
3HFM_HLY,3,HLY,H.Y58A,1.649000049,0.838238895,8
3HFM_HLY,3,HLY,Y.D101S,1.712000012,3.154220343,8
3HFM_HLY,3,HLY,H.Y33W,1.720999956,0.43026334,8
3HFM_HLY,3,HLY,H.D32A,1.899000049,1.164574742,8
3HFM_HLY,3,HLY,Y.D101Q,1.929999948,1.496174216,8
3HFM_HLY,3,HLY,Y.R21W,1.973999977,2.432491064,8
3HFM_HLY,3,HLY,Y.D101K,1.973999977,2.067659855,8
3HFM_HLY,3,HLY,Y.D101E,1.973999977,0.413484663,8
3HFM_HLY,3,HLY,H.Y33L,1.975000024,1.675841928,8
3HFM_HLY,3,HLY,Y.R21H,2.015000105,1.541083932,8
3HFM_HLY,3,HLY,Y.R21M,2.051000118,1.269523859,8
3HFM_HLY,3,HLY,Y.D101R,2.122999907,1.746775508,8
3HFM_HLY,3,HLY,Y.D101F,2.170000076,0.946865857,8
3HFM_HLY,3,HLY,Y.R21N,2.170000076,1.802561045,8
3HFM_HLY,3,HLY,Y.Y20L,2.184999943,2.627975702,8
3HFM_HLY,3,HLY,Y.R21Q,2.242000103,0.99074471,8
3HFM_HLY,3,HLY,Y.R21G,2.269999981,2.589015484,8
3HFM_HLY,3,HLY,Y.R21E,2.292999983,-0.167849049,8
3HFM_HLY,3,HLY,L.Y50F,2.355999947,3.672452927,8
3HFM_HLY,3,HLY,L.Y96A,2.707999945,3.26595974,8
3HFM_HLY,3,HLY,H.Y50L,2.802999973,1.342589974,8
3HFM_HLY,3,HLY,Y.K97R,3.053999901,1.601014614,8
3HFM_HLY,3,HLY,H.Y53A,3.197999954,1.9702878,8
3HFM_HLY,3,HLY,H.W98F,3.246999979,1.747596383,8
3HFM_HLY,3,HLY,Y.K97E,3.605999947,3.361130476,8
3HFM_HLY,3,HLY,L.Y50L,4.394999981,2.016700745,8
3HFM_HLY,3,HLY,L.Y50A,4.559999943,3.726801872,8
3HFM_HLY,3,HLY,Y.Y20A,4.877999783,2.222688437,8
3HFM_HLY,3,HLY,L.N32A,5.110000134,4.46865654,8
3HFM_HLY,3,HLY,L.N31A,5.21600008,5.97733736,8
3HFM_HLY,3,HLY,Y.K96R,5.355000019,0.432062745,8
3HFM_HLY,3,HLY,H.W98A,5.513000011,5.260707855,8
3HFM_HLY,3,HLY,L.N31E,5.710000038,0.867236674,8
3HFM_HLY,3,HLY,H.Y33A,6.038000107,5.274600506,8
3HFM_HLY,3,HLY,Y.K97A,6.170000076,2.382376909,8
3HFM_HLY,3,HLY,Y.K97G,6.433000088,3.924310207,8
3HFM_HLY,3,HLY,Y.K97D,6.770999908,2.404640675,8
3HFM_HLY,3,HLY,Y.K96M,6.78000021,5.063795567,8
3HFM_HLY,3,HLY,Y.K96A,6.991000175,5.014917374,8
3HFM_HLY,3,HLY,H.Y50A,7.322999954,2.898863077,8
3HH2_ABCD,4,ABCD,C.V15E,0.684000015,1.551527381,8
3HH2_ABCD,4,ABCD,C.F47E,0.713,0.991702735,8
3HH2_ABCD,4,ABCD,C.I51A,0.713,1.101406574,8
3HH2_ABCD,4,ABCD,C.F52E,0.816999972,0.397073537,8
3HH2_ABCD,4,ABCD,C.I51E,0.861999989,0.432549804,8
3HH2_ABCD,4,ABCD,C.F52A,1.273000002,0.861521244,8
3HH2_ABCD,4,ABCD,C.F47A,1.325000048,0.515297174,8
3KBH_ABCDEFGH,4,ACEG,E.Y498A,0.100000001,1.548934221,8
3KBH_ABCDEFGH,4,ACEG,A.D38A,0.873000026,0.519598901,8
3KBH_ABCDEFGH,4,ACEG,A.Y41F,1.616000056,1.180594563,8
3KBH_ABCDEFGH,4,ACEG,A.Y41A,1.812999964,2.744131327,8
3KBH_ABCDEFGH,4,ACEG,E.S535A,1.856999993,1.688123107,8
3KBH_ABCDEFGH,4,ACEG,E.S535T,2.490999937,-0.227086484,8
3KUD_AB,2,AB,B.N71R,-0.797999978,0.182210669,8
3KUD_AB,2,AB,B.K85A,1.953999996,1.249039173,8
3KUD_AB,2,AB,A.T35A,1.991000056,1.632087946,8
3L5X_AHL,3,AHL,L.Y94A,-0.828999996,0.996545315,8
3LB6_ABCD,2,AC,A.K105A,2.545000076,3.07970047,8
3LB6_ABCD,2,AC,A.I14A,3.72300005,1.914071798,8
3LB6_ABCD,2,AC,A.F107A,5.117000103,2.959753275,8
3LB6_ABCD,2,AC,A.K104A,5.81400013,2.442070246,8
3LNZ_ABCDEFGHIJKLMNO,2,AB,B.A8N,1.111999989,2.4515481,8
3LZF_ABHL,4,ABHL,A.D190E,0.499000013,1.656009316,8
3LZF_ABHL,4,ABHL,A.D225G,0.537999988,0.372386128,8
3M62_AB,2,AB,A.T48A,0.017000001,1.2163589,8
3M62_AB,2,AB,B.Q67A,0.284000009,0.959860086,8
3M62_AB,2,AB,B.K10A,0.497000009,0.839112163,8
3M62_AB,2,AB,B.M71A,0.680999994,1.37142849,8
3M62_AB,2,AB,A.R92A,0.788999975,0.756594718,8
3M62_AB,2,AB,A.E26A,0.829999983,0.668556571,8
3M62_AB,2,AB,B.F9A,0.995999992,0.898996651,8
3M62_AB,2,AB,A.E49A,1.052000046,0.182400793,8
3M62_AB,2,AB,B.Q52A,1.05400002,0.336541384,8
3M62_AB,2,AB,B.V50A,1.090000033,1.651167393,8
3M62_AB,2,AB,B.V69A,1.138000011,1.407971501,8
3M62_AB,2,AB,A.G96A,1.264999986,0.596081913,8
3M62_AB,2,AB,B.S47A,1.279000044,-0.839269638,8
3M62_AB,2,AB,A.I104A,1.853999972,2.034890413,8
3M62_AB,2,AB,A.D40A,2.799999952,2.439286947,8
3M62_AB,2,AB,A.L44A,2.828999996,1.835266829,8
3M62_AB,2,AB,B.I45A,2.884000063,0.797706366,8
3M62_AB,2,AB,A.Y97A,4.477000237,2.84031558,8
3M63_AB,2,AB,A.R92A,-0.185000002,1.443663239,8
3M63_AB,2,AB,A.G96A,0.125,0.432217658,8
3M63_AB,2,AB,A.T48A,0.31099999,0.743650138,8
3M63_AB,2,AB,A.E49A,0.345999986,0.580007374,8
3M63_AB,2,AB,A.L44A,0.575999975,1.64290452,8
3M63_AB,2,AB,A.E27A,0.646000028,1.347973585,8
3M63_AB,2,AB,A.I104A,1.088999987,1.236686826,8
3M63_AB,2,AB,A.F107A,1.792000055,1.110988379,8
3M63_AB,2,AB,A.V100A,1.838999987,0.298554957,8
3M63_AB,2,AB,A.D40A,2.233999968,2.23191452,8
3M63_AB,2,AB,A.Y97A,3.651000023,3.32215786,8
3MZG_AB,2,AB,A.H30A,-0.874000013,-0.45630312,8
3MZG_AB,2,AB,A.H180A,-0.68599999,0.63614881,8
3MZG_AB,2,AB,B.H188A,-0.446999997,0.557846665,8
3MZG_AB,2,AB,A.H138A,-0.397000015,0.471055746,8
3MZG_AB,2,AB,A.H195A,-0.261000007,0.140735805,8
3MZG_AB,2,AB,A.H27A,-0.090999998,0.35744822,8
3MZG_AB,2,AB,A.H97A,-0.061999999,0.110929959,8
3MZG_AB,2,AB,A.H59A,0.034000002,1.201852441,8
3MZG_AB,2,AB,A.H173A,0.125,0.643739343,8
3MZG_AB,2,AB,A.H46A,0.203999996,0.147335306,8
3MZW_AB,2,AB,B.N23T,-0.144999996,0.609501421,8
3MZW_AB,2,AB,B.N23A,0.025,0.762143731,8
3MZW_AB,2,AB,B.N23G,0.072999999,0.260142505,8
3N06_AB,2,AB,A.A27H,0.090999998,0.397148788,8
3N0P_AB,2,AB,A.A30H,0.874000013,0.482580066,8
3N4I_AB,2,AB,A.E104D,4.383999825,3.189682484,8
3N85_AHL,3,AHL,H.S52Y,-0.785000026,-0.313186675,8
3N85_AHL,3,AHL,H.W30K,-0.785000026,-0.091085561,8
3N85_AHL,3,AHL,H.W30R,-0.55400002,0.378641248,8
3N85_AHL,3,AHL,H.S32A,-0.134000003,0.555732608,8
3N85_AHL,3,AHL,L.W94Y,-0.039000001,0.447091848,8
3N85_AHL,3,AHL,H.W96F,-0.015,1.170226693,8
3N85_AHL,3,AHL,H.S32Y,0.057,-0.076452121,8
3N85_AHL,3,AHL,L.W91F,0.140000001,0.212885067,8
3N85_AHL,3,AHL,H.S50G,0.488000005,-1.439743161,8
3NCB_AB,2,AB,A.A180H,0.68599999,0.984599113,8
3NCC_AB,2,AB,B.A188H,0.446999997,1.164403915,8
3NGB_GHL,3,GHL,H.G54A,-1.256000042,0.666340947,8
3NGB_GHL,3,GHL,L.V3A,-0.760999978,-0.303348094,8
3NGB_GHL,3,GHL,H.Q64A,-0.335000008,0.364460737,8
3NGB_GHL,3,GHL,H.R53A,-0.254999995,1.098054051,8
3NGB_GHL,3,GHL,L.Q27A,-0.226999998,0.453242898,8
3NGB_GHL,3,GHL,H.Y74A,-0.195999995,0.157616779,8
3NGB_GHL,3,GHL,L.S30A,-0.142000005,0.550868869,8
3NGB_GHL,3,GHL,H.A56G,-0.056000002,-0.306441754,8
3NGB_GHL,3,GHL,H.P62A,-0.041999999,0.699656665,8
3NGB_GHL,3,GHL,H.I30A,-0.003,0.605197787,8
3NGB_GHL,3,GHL,H.R53N,0.046,0.390467763,8
3NGB_GHL,3,GHL,H.D99A,0.059,1.022569537,8
3NGB_GHL,3,GHL,H.I30T,0.072999999,1.617487788,8
3NGB_GHL,3,GHL,H.T33Y,0.083999999,0.594267428,8
3NGB_GHL,3,GHL,H.R61Q,0.097000003,0.267973483,8
3NGB_GHL,3,GHL,H.V57T,0.137999997,0.483153015,8
3NGB_GHL,3,GHL,H.V73T,0.165000007,0.687425673,8
3NGB_GHL,3,GHL,H.K52N,0.174999997,-0.190777346,8
3NGB_GHL,3,GHL,H.P62K,0.232999995,0.978759885,8
3NGB_GHL,3,GHL,H.Y74S,0.333000004,0.099679403,8
3NGB_GHL,3,GHL,H.M69A,0.522000015,1.949357033,8
3NGB_GHL,3,GHL,H.Y59A,0.540000021,1.768497825,8
3NGB_GHL,3,GHL,H.K52A,0.612999976,0.506088376,8
3NGB_GHL,3,GHL,L.Y28S,0.65200001,0.957558334,8
3NGB_GHL,3,GHL,H.T33A,0.69599998,0.6009835,8
3NGB_GHL,3,GHL,H.G54S,0.742999971,0.3384673,8
3NGB_GHL,3,GHL,L.F97A,0.845000029,1.831506133,8
3NGB_GHL,3,GHL,L.Y28A,0.968999982,0.918219924,8
3NGB_GHL,3,GHL,H.R61A,0.980000019,0.592322111,8
3NGB_GHL,3,GHL,H.V73A,1.070000052,0.723950386,8
3NGB_GHL,3,GHL,H.W47A,1.182999969,0.263839155,8
3NGB_GHL,3,GHL,H.G55A,1.245000005,0.760650635,8
3NGB_GHL,3,GHL,H.W50A,1.271000028,0.622957706,8
3NGB_GHL,3,GHL,L.E96A,1.299000025,1.451392174,8
3NGB_GHL,3,GHL,H.V57A,1.337000012,1.436741233,8
3NGB_GHL,3,GHL,H.Y100A,1.401000023,1.239547849,8
3NGB_GHL,3,GHL,H.R71A,1.616999984,1.522391558,8
3NGB_GHL,3,GHL,H.N58A,1.738999963,1.199076176,8
3NGB_GHL,3,GHL,L.Y91A,1.99000001,1.192327738,8
3NGB_renum_GHL,3,GHL,H.N105A,1.100999951,1.284750819,8
3NGB_renum_GHL,3,GHL,H.W106A,4.390999794,2.614633083,8
3NPS_ABC,3,ABC,A.I60A,-0.331999987,1.235359907,8
3NPS_ABC,3,ABC,A.R87A,-0.151999995,0.523756325,8
3NPS_ABC,3,ABC,A.K224A,-0.104000002,0.712590516,8
3NPS_ABC,3,ABC,A.R222A,-0.083999999,-0.319758624,8
3NPS_ABC,3,ABC,A.Q174A,-0.059,-0.277423441,8
3NPS_ABC,3,ABC,A.Q38A,0.026000001,0.446044266,8
3NPS_ABC,3,ABC,A.T150A,0.174999997,0.392996788,8
3NPS_ABC,3,ABC,A.N95A,0.254000008,0.501511455,8
3NPS_ABC,3,ABC,A.Q145A,0.296000004,0.945789099,8
3NPS_ABC,3,ABC,A.L153A,0.296000004,0.55663377,8
3NPS_ABC,3,ABC,A.F97A,0.463999987,4.249040127,8
3NPS_ABC,3,ABC,A.E169A,0.615999997,0.389703721,8
3NPS_ABC,3,ABC,A.I41A,0.64200002,0.129506931,8
3NPS_ABC,3,ABC,A.T98A,0.723999977,0.713477433,8
3NPS_ABC,3,ABC,A.Q175A,0.740999997,0.418471038,8
3NPS_ABC,3,ABC,A.D217A,1.467000008,0.312131852,8
3NPS_ABC,3,ABC,A.D96A,1.508000016,2.061382294,8
3NPS_ABC,3,ABC,A.F94A,1.572000027,0.897785902,8
3NPS_ABC,3,ABC,A.Y146A,1.776000023,0.181461439,8
3NPS_ABC,3,ABC,A.H143A,1.876000047,0.543551803,8
3NPS_renum_ABC,3,ABC,A.R48A,-1.062999964,0.33758688,8
3NPS_renum_ABC,3,ABC,A.Q218A,-0.041000001,0.381313175,8
3NPS_renum_ABC,3,ABC,A.R51A,0.137999997,0.598640621,8
3NPS_renum_ABC,3,ABC,A.F50A,0.219999999,1.1948663,8
3NPS_renum_ABC,3,ABC,A.D46A,0.340000004,1.09194088,8
3NPS_renum_ABC,3,ABC,A.Y52A,0.451999992,0.475194782,8
3NPS_renum_ABC,3,ABC,A.D47A,1.067999959,0.215789884,8
3NVN_AB,2,AB,B.R222S,1.269000053,0.751984239,8
3NVN_AB,2,AB,A.R207E,2.486999989,0.426276386,8
3NVQ_ABEF,4,ABEF,A.R202E,1.546000004,1.988118052,8
3NVQ_ABEF,4,ABEF,A.R204E,1.56099999,1.244967818,8
3PWP_ABCDE,5,ABCDE,C.G2L,-0.634000003,2.22422123,8
3Q3J_AB,2,AB,B.Y114F,0.210999995,0.55433327,8
3Q8D_ABEF,2,AE,A.F228A,0.303000003,0.403127164,8
3Q8D_ABEF,2,AE,A.R229A,0.358999997,0.53021121,8
3Q8D_ABEF,2,AE,A.R13A,0.358999997,0.51063323,8
3Q8D_ABEF,2,AE,A.R203A,0.458000004,0.751552641,8
3Q8D_ABEF,2,AE,A.R98A,0.458000004,0.755053103,8
3Q8D_ABEF,2,AE,A.R229E,1.207000017,1.27969718,8
3Q8D_ABEF,2,AE,A.R210A,1.322999954,0.804009914,8
3Q8D_ABEF,2,AE,A.R203E,1.383999944,1.102088809,8
3Q8D_ABEF,2,AE,A.F228D,3.030999899,1.896047592,8
3Q8D_ABEF,2,AE,A.R132A,3.030999899,2.582825899,8
3Q8D_ABEF,2,AE,A.R210E,3.030999899,3.235959768,8
3QDG_ABCDE,5,ABCDE,D.D26Y,-1.79400003,-1.238687634,8
3QDG_ABCDE,5,ABCDE,D.D26W,-1.562000036,0.260581851,8
3QDG_ABCDE,5,ABCDE,E.L98W,-0.703000009,0.448659211,8
3QDG_ABCDE,5,ABCDE,E.A55P,-0.066,0.395299494,8
3QDG_ABCDE,5,ABCDE,E.T102F,-0.039000001,0.812093198,8
3QDG_ABCDE,5,ABCDE,D.R27P,0.137999997,0.660067677,8
3QDG_ABCDE,5,ABCDE,D.R27W,0.596000016,0.367243439,8
3QDG_ABCDE,5,ABCDE,D.G28N,0.851999998,0.637087047,8
3QDG_ABCDE,5,ABCDE,D.G28I,0.865999997,0.49947685,8
3QDG_ABCDE,5,ABCDE,E.F100W,0.935000002,0.663677275,8
3QDG_ABCDE,5,ABCDE,D.G28P,1.092000008,0.495332539,8
3QDG_ABCDE,5,ABCDE,D.G28L,1.389000058,0.21571812,8
3QDG_ABCDE,5,ABCDE,E.F100Y,1.394999981,0.625568449,8
3QDG_ABCDE,5,ABCDE,D.G28Y,1.503000021,0.476154238,8
3QDJ_ABCDE,5,ABCDE,D.D26W,-2.171999931,-2.009798527,8
3QDJ_ABCDE,5,ABCDE,D.D26Y,-1.337000012,0.19114247,8
3QDJ_ABCDE,5,ABCDE,E.L98W,-0.808000028,-0.243768424,8
3QDJ_ABCDE,5,ABCDE,E.T102F,-0.275999993,0.312970519,8
3QDJ_ABCDE,5,ABCDE,D.G28I,-0.104999997,0.731400013,8
3QDJ_ABCDE,5,ABCDE,D.R27P,0.039999999,0.129757196,8
3QDJ_ABCDE,5,ABCDE,E.A55P,0.207000002,0.5917328,8
3QDJ_ABCDE,5,ABCDE,D.R27W,0.216999993,1.365237236,8
3QDJ_ABCDE,5,ABCDE,E.F100W,0.389999986,1.672935367,8
3QDJ_ABCDE,5,ABCDE,D.G28N,0.411000013,1.197522521,8
3QDJ_ABCDE,5,ABCDE,D.G28Y,0.555999994,0.15329586,8
3QDJ_ABCDE,5,ABCDE,D.G28L,0.654999971,0.25463298,8
3QDJ_ABCDE,5,ABCDE,E.F100Y,0.777999997,0.323658645,8
3QDJ_ABCDE,5,ABCDE,D.G28P,1.225000024,1.112644076,8
3QDJ_ABCDE,5,ABCDE,C.A2L,2.299999952,-0.314659208,8
3QFJ_ABCDE,5,ABCDE,C.F5Y,-0.170000002,0.267378598,8
3QHY_AB,2,AB,B.S169A,-0.085000001,0.628438175,8
3QHY_AB,2,AB,B.T57A,0.056000002,0.490778595,8
3QHY_AB,2,AB,B.Y248A,0.239999995,1.083880782,8
3QHY_AB,2,AB,B.D167A,0.379999995,0.691722512,8
3QHY_AB,2,AB,B.R286A,0.535000026,0.604738235,8
3QHY_AB,2,AB,B.Y113A,0.800999999,1.24855864,8
3QHY_AB,2,AB,B.L91A,0.815999985,1.275164127,8
3QHY_AB,2,AB,B.D170A,0.961000025,0.599024415,8
3QHY_AB,2,AB,B.N112A,1.605999947,0.711099863,8
3QHY_AB,2,AB,B.Y208A,1.743000031,1.234617233,8
3QHY_AB,2,AB,B.D131A,1.889000058,1.024568796,8
3QHY_AB,2,AB,B.F209A,2.062000036,1.978305459,8
3QHY_AB,2,AB,B.N50A,2.255000114,1.632157087,8
3QHY_AB,2,AB,B.D52A,2.255000114,0.949889719,8
3QHY_AB,2,AB,B.N304A,2.696000099,2.198763847,8
3QHY_AB,2,AB,B.W53A,2.864000082,1.444174767,8
3QHY_AB,2,AB,B.Y73A,2.903000116,2.08493495,8
3QHY_AB,2,AB,B.E268A,3.013000011,3.296464682,8
3QHY_AB,2,AB,B.I229A,3.068000078,2.825965881,8
3QHY_AB,2,AB,B.F230A,3.075000048,3.672170162,8
3QHY_AB,2,AB,B.Y191A,3.424000025,1.789482236,8
3QHY_AB,2,AB,B.D206A,3.497999907,-0.149130329,8
3QHY_AB,2,AB,B.W152A,3.789999962,3.037229776,8
3QHY_AB,2,AB,B.F74A,3.984999895,2.446554184,8
3QHY_AB,2,AB,B.W269A,5.433000088,2.124583244,8
3QIB_ABCDP,5,ABCDP,D.L96P,-0.370000005,-0.004592604,8
3QIB_ABCDP,5,ABCDP,C.R90P,-0.119000003,2.033047438,8
3QIB_ABCDP,5,ABCDP,B.E59A,0,0.706655681,8
3QIB_ABCDP,5,ABCDP,A.E75A,0,0.705581486,8
3QIB_ABCDP,5,ABCDP,B.S63A,0.026000001,1.336549163,8
3QIB_ABCDP,5,ABCDP,B.H81A,0.052000001,1.690402508,8
3QIB_ABCDP,5,ABCDP,P.Y7F,0.108000003,0.381459564,8
3QIB_ABCDP,5,ABCDP,A.Q57A,0.264999986,0.56745851,8
3QIB_ABCDP,5,ABCDP,A.K67A,0.565999985,1.213484049,8
3QIB_ABCDP,5,ABCDP,A.A64G,0.610000014,1.351934075,8
3QIB_ABCDP,5,ABCDP,B.T77A,0.75,0.674860716,8
3QIB_ABCDP,5,ABCDP,C.N95P,0.787,0.728378356,8
3QIB_ABCDP,5,ABCDP,A.A68G,0.845000029,2.307455778,8
3QIB_ABCDP,5,ABCDP,B.D76A,0.862999976,0.262633324,8
3QIB_ABCDP,5,ABCDP,A.A61G,0.89200002,1.286841631,8
3QIB_ABCDP,5,ABCDP,P.T12S,1.075999975,1.201304793,8
3QIB_ABCDP,5,ABCDP,B.E66A,1.213000059,1.36046648,8
3QIB_ABCDP,5,ABCDP,P.T12N,1.223999977,2.000722885,8
3QIB_ABCDP,5,ABCDP,B.Q64A,1.764000058,0.91253823,8
3QIB_ABCDP,5,ABCDP,B.E69A,1.82099998,-0.122387335,8
3QIB_ABCDP,5,ABCDP,B.A73G,2.203999996,0.760103047,8
3QIB_ABCDP,5,ABCDP,P.K9R,2.236999989,1.061848164,8
3QIB_ABCDP,5,ABCDP,P.K9A,3.138999939,1.969893456,8
3QIB_ABCDP,5,ABCDP,P.T12A,3.138999939,2.515670061,8
3QIB_ABCDP,5,ABCDP,P.Y7A,3.138999939,2.533364058,8
3R9A_ABCD,4,ABCD,A.V336D,0,0.715557396,8
3R9A_ABCD,4,ABCD,A.G170R,0.048999999,0.913294077,8
3R9A_ABCD,4,ABCD,A.A328W,0.338999987,0.298738152,8
3R9A_ABCD,4,ABCD,A.Y330W,0.481999993,0.563174546,8
3R9A_ABCD,4,ABCD,A.Y330A,1.014999986,0.547485411,8
3RF3_ABCD,2,AC,C.A495K,1.728999972,0.123180017,8
3S9D_ABCD,2,AB,A.S25A,-0.210999995,1.455762029,8
3S9D_ABCD,2,AB,B.N98A,-0.210999995,0.544240534,8
3S9D_ABCD,2,AB,A.A19W,-0.180999994,-0.183759838,8
3S9D_ABCD,2,AB,B.A78M,-0.167999998,0.898596406,8
3S9D_ABCD,2,AB,A.I24A,-0.131999999,0.719401002,8
3S9D_ABCD,2,AB,A.E132A,-0.131999999,0.426262259,8
3S9D_ABCD,2,AB,A.N156A,-0.085000001,0.861032844,8
3S9D_ABCD,2,AB,B.D138R,-0.061999999,0.451308966,8
3S9D_ABCD,2,AB,A.L128A,-0.061999999,0.733879626,8
3S9D_ABCD,2,AB,A.Q62A,0,0.781069875,8
3S9D_ABCD,2,AB,A.S28A,0,0.799045503,8
3S9D_ABCD,2,AB,A.K70A,0,0.7509799,8
3S9D_ABCD,2,AB,A.K83A,0,0.761672139,8
3S9D_ABCD,2,AB,B.D51A,0,0.718822062,8
3S9D_ABCD,2,AB,A.E41A,0,0.728996098,8
3S9D_ABCD,2,AB,B.E28R,0,0.736479759,8
3S9D_ABCD,2,AB,A.T69A,0,0.820116222,8
3S9D_ABCD,2,AB,A.N65A,0,0.776799321,8
3S9D_ABCD,2,AB,B.H187A,0,0.738092959,8
3S9D_ABCD,2,AB,A.S68A,0,0.809724569,8
3S9D_ABCD,2,AB,A.Q40A,0.018999999,0.456691355,8
3S9D_ABCD,2,AB,A.R120K,0.030999999,0.626509428,8
3S9D_ABCD,2,AB,B.H97A,0.044,0.719587743,8
3S9D_ABCD,2,AB,A.K134A,0.056000002,0.574789762,8
3S9D_ABCD,2,AB,A.K121A,0.108000003,0.600142479,8
3S9D_ABCD,2,AB,A.M16A,0.123999998,0.289918512,8
3S9D_ABCD,2,AB,A.N93A,0.170000002,0.409046501,8
3S9D_ABCD,2,AB,A.S73A,0.170000002,0.571795046,8
3S9D_ABCD,2,AB,A.Q90A,0.170000002,0.422342628,8
3S9D_ABCD,2,AB,A.T86A,0.170000002,0.699444652,8
3S9D_ABCD,2,AB,A.T79A,0.170000002,0.664815366,8
3S9D_ABCD,2,AB,B.R73A,0.170000002,0.568087339,8
3S9D_ABCD,2,AB,A.E96A,0.170000002,0.372821182,8
3S9D_ABCD,2,AB,A.R22A,0.170000002,0.53728652,8
3S9D_ABCD,2,AB,A.F64A,0.170000002,0.402328521,9
3S9D_ABCD,2,AB,B.E50A,0.199000001,2.26619792,8
3S9D_ABCD,2,AB,A.D35A,0.239999995,1.271134853,8
3S9D_ABCD,2,AB,B.T75A,0.256000012,0.250383228,9
3S9D_ABCD,2,AB,A.K131A,0.277999997,0.75812,8
3S9D_ABCD,2,AB,A.L80A,0.303000003,0.481582165,8
3S9D_ABCD,2,AB,A.Y85A,0.303000003,0.531092703,9
3S9D_ABCD,2,AB,A.Y89A,0.303000003,0.633139253,9
3S9D_ABCD,2,AB,B.S74A,0.31400001,0.460719109,8
3S9D_ABCD,2,AB,B.K48A,0.31400001,0.32624498,8
3S9D_ABCD,2,AB,A.R125A,0.34799999,1.557041168,8
3S9D_ABCD,2,AB,A.R23A,0.358999997,0.807278335,8
3S9D_ABCD,2,AB,B.K53A,0.379999995,1.499831796,8
3S9D_ABCD,2,AB,A.D32A,0.379999995,0.839837611,8
3S9D_ABCD,2,AB,A.H34A,0.411000013,1.211391211,8
3S9D_ABCD,2,AB,B.S47A,0.467000008,0.896043479,8
3S9D_ABCD,2,AB,A.K31A,0.493000001,0.944365621,8
3S9D_ABCD,2,AB,A.F27A,0.518999994,2.987288475,8
3S9D_ABCD,2,AB,A.R12A,0.621999979,0.71905899,8
3S9D_ABCD,2,AB,B.H76A,0.630999982,1.275450945,8
3S9D_ABCD,2,AB,B.E50R,0.651000023,0.428009331,8
3S9D_ABCD,2,AB,B.W72F,0.725000024,0.784777462,9
3S9D_ABCD,2,AB,B.W100A,0.741999984,0.401846051,9
3S9D_ABCD,2,AB,A.K133A,0.774999976,0.688740253,8
3S9D_ABCD,2,AB,A.S152A,0.903999984,0.49524036,8
3S9D_ABCD,2,AB,A.L26A,1.00999999,0.376939803,8
3S9D_ABCD,2,AB,B.D104A,1.047999978,1.435695767,8
3S9D_ABCD,2,AB,A.A145M,1.057999969,1.300621629,8
3S9D_ABCD,2,AB,A.L15A,1.279000044,0.378968626,8
3S9D_ABCD,2,AB,B.Y43A,1.307999969,1.931840181,9
3S9D_ABCD,2,AB,A.L153A,1.335999966,1.344628096,8
3S9D_ABCD,2,AB,B.I103A,1.496000051,1.031621337,8
3S9D_ABCD,2,AB,B.T44A,1.519999981,2.936210632,9
3S9D_ABCD,2,AB,B.I45A,1.774999976,1.640277505,8
3S9D_ABCD,2,AB,B.M46V,1.824000001,1.563473344,8
3S9D_ABCD,2,AB,A.A145G,2.076999903,2.285028458,8
3S9D_ABCD,2,AB,A.R144A,2.184999943,3.255462646,8
3S9D_ABCD,2,AB,A.M148A,2.289000034,0.561514676,8
3S9D_ABCD,2,AB,B.V80A,2.318000078,0.77846837,9
3S9D_ABCD,2,AB,B.E77A,2.411999941,1.483698606,8
3S9D_ABCD,2,AB,A.L30V,2.641000032,0.405727774,8
3S9D_ABCD,2,AB,A.R149A,3.073999882,3.433542728,8
3S9D_ABCD,2,AB,B.M46A,3.681999922,1.962296724,8
3S9D_ABCD,2,AB,A.L30A,3.681999922,1.841094136,8
3S9D_ABCD,2,AB,A.R33A,3.681999922,3.74992466,8
3S9D_ABCD,2,AB,A.R33K,4.673999786,1.218068242,8
3S9D_ABCD,2,AB,A.R33Q,6.081999779,1.824716926,8
3SE3_ABC,3,ABC,A.N68A,-0.34799999,0.395241469,9
3SE3_ABC,3,ABC,A.S182A,-0.238999993,-0.596027076,9
3SE3_ABC,3,ABC,A.T181A,-0.156000003,-0.194334105,9
3SE3_ABC,3,ABC,A.F290A,0,0.821593702,9
3SE3_ABC,3,ABC,A.L131A,0,0.827636719,9
3SE3_ABC,3,ABC,A.N155T,0.133000001,0.622292995,9
3SE3_ABC,3,ABC,A.N245A,0.210999995,0.560614586,9
3SE3_ABC,3,ABC,A.R241A,0.411000013,1.529656053,9
3SE3_ABC,3,ABC,A.Y163A,0.411000013,1.588531971,9
3SE3_ABC,3,ABC,A.F96A,0.411000013,1.43357265,9
3SE3_ABC,3,ABC,A.S135A,0.542999983,0.866501391,9
3SE3_ABC,3,ABC,A.N242A,0.542999983,0.837124646,9
3SE3_ABC,3,ABC,A.D132A,0.542999983,0.799616933,9
3SE3_ABC,3,ABC,A.E111A,0.713,1.419292092,9
3SE3_ABC,3,ABC,A.K113A,1.496999979,1.021034718,9
3SE3_ABC,3,ABC,A.F238A,1.496999979,0.326544523,9
3SE3_ABC,3,ABC,A.Y70A,1.496999979,1.069211483,9
3SE4_ABC,3,ABC,B.K152R,-0.975000024,0.203390732,9
3SE4_ABC,3,ABC,C.H76A,-0.610000014,1.105568409,9
3SE4_ABC,3,ABC,A.T181A,-0.542999983,0.211643308,9
3SE4_ABC,3,ABC,C.H187A,-0.411000013,0.661487103,9
3SE4_ABC,3,ABC,A.Y163A,-0.277999997,0.345149964,9
3SE4_ABC,3,ABC,B.P28A,-0.170000002,0.739650726,9
3SE4_ABC,3,ABC,A.S135A,0,0.885356784,9
3SE4_ABC,3,ABC,A.N242A,0,0.856051981,9
3SE4_ABC,3,ABC,A.D132A,0.131999999,1.060915351,9
3SE4_ABC,3,ABC,A.L131A,0.131999999,1.154972196,9
3SE4_ABC,3,ABC,A.F290A,0.210999995,0.944526136,9
3SE4_ABC,3,ABC,C.S47A,0.211999997,0.377546072,9
3SE4_ABC,3,ABC,A.R241A,0.303000003,2.228951693,9
3SE4_ABC,3,ABC,A.N245A,0.303000003,0.725005805,9
3SE4_ABC,3,ABC,A.N155T,0.411000013,1.613949895,9
3SE4_ABC,3,ABC,B.M148A,0.573000014,0.865078986,9
3SE4_ABC,3,ABC,B.P28L,0.924000025,-0.176969618,9
3SE4_ABC,3,ABC,C.V80A,1.164999962,3.458103657,9
3SE4_ABC,3,ABC,C.M46V,1.164999962,1.337219357,9
3SE4_ABC,3,ABC,C.I103A,1.208999991,1.791942,9
3SE4_ABC,3,ABC,C.T44A,1.363999963,1.148839235,9
3SE4_ABC,3,ABC,C.E77A,1.363999963,0.830964744,9
3SE4_ABC,3,ABC,A.F238A,1.363999963,0.842330635,9
3SE4_ABC,3,ABC,A.Y70A,1.363999963,2.009180069,9
3SE4_ABC,3,ABC,C.M46A,1.666000009,1.792539477,9
3SE4_ABC,3,ABC,B.K152A,1.774999976,2.281006098,9
3SE4_ABC,3,ABC,B.L32A,2.727999926,1.01681447,9
3SE8_GHL,3,GHL,L.F91A,-0.850000024,0.683967054,9
3SE8_GHL,3,GHL,L.E1A,-0.547999978,0.523634434,9
3SE8_GHL,3,GHL,H.D99A,-0.382999986,0.880963862,9
3SE8_GHL,3,GHL,L.Q27A,-0.213,0.135835767,9
3SE8_GHL,3,GHL,H.R30A,-0.039000001,1.164211512,9
3SE8_GHL,3,GHL,H.L53A,0.054000001,-0.550411522,9
3SE8_GHL,3,GHL,H.Q75A,0.094999999,0.898070455,9
3SE8_GHL,3,GHL,L.N31A,0.191,0.280393749,9
3SE8_GHL,3,GHL,H.G55A,0.351000011,1.367990017,9
3SE8_GHL,3,GHL,H.Q64A,0.541000009,0.110405073,9
3SE8_GHL,3,GHL,H.W54A,0.749000013,0.475717932,9
3SE8_GHL,3,GHL,H.Y100A,0.816999972,0.607651889,9
3SE8_GHL,3,GHL,L.F97A,0.819000006,0.700598478,9
3SE8_GHL,3,GHL,H.Y59A,0.842000008,0.932688475,9
3SE8_GHL,3,GHL,L.D50A,0.842000008,0.703224838,9
3SE8_GHL,3,GHL,H.K52A,1.093999982,3.970039129,9
3SE8_GHL,3,GHL,H.Q62A,1.097000003,0.012454555,9
3SE8_GHL,3,GHL,H.S58A,1.131999969,0.424266696,9
3SE8_GHL,3,GHL,H.R61A,1.187000036,0.425990373,9
3SE8_GHL,3,GHL,H.V57A,1.230000019,0.789219439,9
3SE8_GHL,3,GHL,H.W50A,1.312000036,2.770888329,9
3SE8_GHL,3,GHL,H.W47A,1.450999975,1.61165154,9
3SE8_GHL,3,GHL,L.E96A,1.488999963,1.341747642,9
3SE8_GHL,3,GHL,H.R71A,2.601999998,0.185189396,9
3SE8_renum_GHL,3,GHL,H.D114A,-0.239999995,0.762423217,9
3SE8_renum_GHL,3,GHL,H.P81A,-0.07,0.789469838,9
3SE8_renum_GHL,3,GHL,H.P78A,0.018999999,0.782961249,9
3SE8_renum_GHL,3,GHL,H.F115A,1.049999952,0.975119114,9
3SE9_GHL,3,GHL,H.T53A,-0.845000029,0.083693109,9
3SE9_GHL,3,GHL,H.D74A,-0.754000008,0.470584035,9
3SE9_GHL,3,GHL,L.V3A,-0.486000001,1.829357982,9
3SE9_GHL,3,GHL,H.T99A,-0.435000002,0.574729323,9
3SE9_GHL,3,GHL,H.P61A,-0.435000002,0.422797024,9
3SE9_GHL,3,GHL,H.G100A,-0.303000003,0.83781743,9
3SE9_GHL,3,GHL,H.R73A,-0.228,0.801771939,9
3SE9_GHL,3,GHL,L.F97A,0.023,0.460499704,9
3SE9_GHL,3,GHL,H.G59A,0.046,0.497762382,9
3SE9_GHL,3,GHL,L.E96A,0.411000013,1.676677704,9
3SE9_GHL,3,GHL,H.G54A,0.444999993,-0.084843457,9
3SE9_GHL,3,GHL,L.G31A,0.456,0.46728608,9
3SE9_GHL,3,GHL,H.Y98A,0.456,0.673186004,9
3SE9_GHL,3,GHL,H.L34A,0.556999981,0.604880512,9
3SE9_GHL,3,GHL,L.L91A,0.949000001,0.496706426,9
3SE9_GHL,3,GHL,H.V56A,0.967999995,0.089290917,9
3SE9_GHL,3,GHL,H.W47A,1.041000009,0.347599059,9
3SE9_GHL,3,GHL,L.Y30A,1.100000024,-0.573472559,9
3SE9_GHL,3,GHL,H.W50A,1.254999995,1.105871797,9
3SE9_GHL,3,GHL,H.R64A,1.44599998,-0.018859968,9
3SE9_GHL,3,GHL,H.N57A,1.496999979,2.157157898,9
3SE9_GHL,3,GHL,H.R71A,2.635999918,0.535223126,9
3SE9_renum_GHL,3,GHL,H.V55A,-0.845000029,0.843797922,9
3SE9_renum_GHL,3,GHL,H.G107A,-0.605000019,-0.625711739,9
3SE9_renum_GHL,3,GHL,H.G109A,0.181999996,0.430429012,9
3SEK_BC,2,BC,C.F60A,2.229000092,2.980983734,9
3SEK_BC,2,BC,C.L57A,2.680999994,2.872611523,9
3SEK_BC,2,BC,C.L24E,2.887000084,-0.364135116,9
3SEK_BC,2,BC,C.L61A,3.40899992,2.442090988,9
3SEK_BC,2,BC,C.L61E,4.21600008,3.883054256,9
3SEK_BC,2,BC,C.F60E,4.455999851,3.72759366,9
3SEK_BC,2,BC,C.L57E,4.455999851,3.851388693,9
3SF4_ABCDEF,2,AD,D.K50D,0.411000013,1.759596229,9
3SF4_ABCDEF,2,AD,A.N283R,1.225999951,0.960410714,9
3SF4_ABCDEF,2,AD,D.E42R,1.925999999,2.000244617,9
3SF4_ABCDEF,2,AD,A.R221E,2.36500001,1.181960702,9
3SF4_ABCDEF,2,AD,D.W31A,3.073999882,4.930629253,9
3SGB_EI,2,EI,I.K13S,-2.588000059,-0.246762097,9
3SGB_EI,2,EI,I.K13A,-2.572000027,-0.47703734,9
3SGB_EI,2,EI,I.K13T,-1.949000001,-0.255944878,9
3SGB_EI,2,EI,I.K13L,-1.817000031,-0.070425317,9
3SGB_EI,2,EI,I.A15Y,-1.646999955,-0.91360569,9
3SGB_EI,2,EI,I.A15W,-1.55400002,-0.823779166,9
3SGB_EI,2,EI,I.K13I,-1.345000029,0.321813971,9
3SGB_EI,2,EI,I.A15F,-1.180999994,-0.90592289,9
3SGB_EI,2,EI,I.K13M,-1.166000009,-0.302796394,9
3SGB_EI,2,EI,I.P14D,-1.032999992,-1.402436614,9
3SGB_EI,2,EI,I.K13V,-0.954999983,-0.564870715,9
3SGB_EI,2,EI,I.A15V,-0.785000026,0.172886088,9
3SGB_EI,2,EI,I.K13F,-0.726000011,-0.346876025,9
3SGB_EI,2,EI,I.K13G,-0.726000011,0.275397152,9
3SGB_EI,2,EI,I.K13R,-0.693000019,0.06046617,9
3SGB_EI,2,EI,I.K13N,-0.660000026,0.002665231,9
3SGB_EI,2,EI,I.P14E,-0.623000026,0.598093987,9
3SGB_EI,2,EI,I.K13Q,-0.623000026,-0.075453699,9
3SGB_EI,2,EI,I.K13D,-0.623000026,-0.928484797,9
3SGB_EI,2,EI,I.E19I,-0.623000026,-1.124564052,9
3SGB_EI,2,EI,I.K13Y,-0.584999979,0.092966519,9
3SGB_EI,2,EI,I.K13C,-0.584999979,-0.198779047,9
3SGB_EI,2,EI,I.P14M,-0.500999987,-0.529774547,9
3SGB_EI,2,EI,I.P14W,-0.500999987,0.315811723,9
3SGB_EI,2,EI,I.A15I,-0.453000009,0.277243257,9
3SGB_EI,2,EI,I.A15H,-0.453000009,0.203815177,9
3SGB_EI,2,EI,I.P14Y,-0.400999993,0.807795286,9
3SGB_EI,2,EI,I.K13H,-0.400999993,0.567752898,9
3SGB_EI,2,EI,I.P14F,-0.344999999,-0.29450655,9
3SGB_EI,2,EI,I.P14C,-0.326999992,-0.007864375,9
3SGB_EI,2,EI,I.P14Q,-0.316000015,0.263595074,9
3SGB_EI,2,EI,I.P14V,-0.310000002,1.004260898,9
3SGB_EI,2,EI,I.R21K,-0.277999997,0.881893635,9
3SGB_EI,2,EI,I.N36V,-0.241999999,0.099643685,9
3SGB_EI,2,EI,I.P14A,-0.188999996,0.207535967,9
3SGB_EI,2,EI,I.E19M,-0.188999996,-0.4550924,9
3SGB_EI,2,EI,I.P14L,-0.141000003,0.28033486,9
3SGB_EI,2,EI,I.N36F,-0.141000003,0.230686828,9
3SGB_EI,2,EI,I.P14N,-0.125,0.800023019,9
3SGB_EI,2,EI,I.N36H,-0.125,0.053034913,9
3SGB_EI,2,EI,I.P14T,-0.108999997,2.518345833,9
3SGB_EI,2,EI,I.N36Y,-0.108999997,0.506846845,9
3SGB_EI,2,EI,I.A15N,-0.089000002,0.346382409,9
3SGB_EI,2,EI,I.P14I,-0.024,0.687911451,9
3SGB_EI,2,EI,I.R21V,-0.024,0.817194819,9
3SGB_EI,2,EI,I.K13W,-0.013,0.343251139,9
3SGB_EI,2,EI,I.L18C,-0.013,0.739412367,9
3SGB_EI,2,EI,I.K13P,0,0.897080839,9
3SGB_EI,2,EI,I.N28S,0.01,-0.139239579,9
3SGB_EI,2,EI,I.N36T,0.01,0.017597141,9
3SGB_EI,2,EI,I.K13E,0.032000002,0.276645511,9
3SGB_EI,2,EI,I.A15C,0.041999999,0.281192243,9
3SGB_EI,2,EI,I.R21Q,0.041999999,0.682648182,9
3SGB_EI,2,EI,I.P14G,0.054000001,0.21380277,9
3SGB_EI,2,EI,I.R21A,0.054000001,0.881023228,9
3SGB_EI,2,EI,I.P14S,0.066,1.670670271,9
3SGB_EI,2,EI,I.A15M,0.089000002,0.594489276,9
3SGB_EI,2,EI,I.P14K,0.114,0.469478935,9
3SGB_EI,2,EI,I.R21M,0.128000006,0.749931276,9
3SGB_EI,2,EI,I.E19V,0.128000006,0.26810813,9
3SGB_EI,2,EI,I.N36M,0.141000003,0.623307407,9
3SGB_EI,2,EI,I.A15L,0.169,-0.558143616,9
3SGB_EI,2,EI,I.Y20F,0.169,2.372593164,9
3SGB_EI,2,EI,I.E19K,0.169,0.179235712,9
3SGB_EI,2,EI,I.E19Q,0.184,0.792150021,9
3SGB_EI,2,EI,I.N36I,0.197999999,0.454624057,9
3SGB_EI,2,EI,I.R21L,0.228,0.43891263,9
3SGB_EI,2,EI,I.R21F,0.228,0.374221742,9
3SGB_EI,2,EI,I.N36Q,0.244000003,-0.290979445,9
3SGB_EI,2,EI,I.R21I,0.244000003,0.677904487,9
3SGB_EI,2,EI,I.P14H,0.277999997,0.772459865,9
3SGB_EI,2,EI,I.R21S,0.277999997,1.008042693,9
3SGB_EI,2,EI,I.R21Y,0.294,1.073677182,9
3SGB_EI,2,EI,I.N36G,0.312000006,0.648588717,9
3SGB_EI,2,EI,I.P14R,0.312000006,0.880140007,9
3SGB_EI,2,EI,I.R21W,0.312000006,0.923588753,9
3SGB_EI,2,EI,I.N36A,0.331,0.29491663,9
3SGB_EI,2,EI,I.A15T,0.331,-0.640072703,9
3SGB_EI,2,EI,I.R21N,0.331,0.35985893,9
3SGB_EI,2,EI,I.N36C,0.349999994,0.382898152,9
3SGB_EI,2,EI,I.Y20W,0.388999999,0.438044846,9
3SGB_EI,2,EI,I.N36S,0.409000009,-0.152945355,9
3SGB_EI,2,EI,I.L18M,0.430000007,0.630360782,9
3SGB_EI,2,EI,I.A15Q,0.430000007,0.610234141,9
3SGB_EI,2,EI,I.R21H,0.453999996,0.142250046,9
3SGB_EI,2,EI,I.R21T,0.453999996,0.546493173,9
3SGB_EI,2,EI,I.A15D,0.476000011,1.318604708,9
3SGB_EI,2,EI,I.N36W,0.526000023,1.549223065,9
3SGB_EI,2,EI,I.E19H,0.526000023,0.959383965,9
3SGB_EI,2,EI,I.A15P,0.552999973,0.387990952,9
3SGB_EI,2,EI,I.E19D,0.552999973,0.855903089,9
3SGB_EI,2,EI,I.R21C,0.552999973,1.857382059,9
3SGB_EI,2,EI,I.N36P,0.578999996,0.371057719,9
3SGB_EI,2,EI,I.N36K,0.578999996,0.010136247,9
3SGB_EI,2,EI,I.N36R,0.578999996,0.841377676,9
3SGB_EI,2,EI,I.R21D,0.638999999,1.464513779,9
3SGB_EI,2,EI,I.R21E,0.671000004,0.74508357,9
3SGB_EI,2,EI,I.A15E,0.671000004,0.733575404,9
3SGB_EI,2,EI,I.N36L,0.740999997,0.842958093,9
3SGB_EI,2,EI,I.E19Y,0.778999984,1.465181947,9
3SGB_EI,2,EI,I.E19L,0.778999984,0.601853967,9
3SGB_EI,2,EI,I.N36D,0.911000013,1.040486217,9
3SGB_EI,2,EI,I.A15S,0.911000013,0.613407433,9
3SGB_EI,2,EI,I.N36E,0.963,1.475498319,9
3SGB_EI,2,EI,I.E19A,1.019000053,0.937390149,9
3SGB_EI,2,EI,I.G32P,1.097000003,0.817006409,9
3SGB_EI,2,EI,I.E19N,1.101999998,1.795436025,9
3SGB_EI,2,EI,I.R21G,1.106999993,1.068941951,9
3SGB_EI,2,EI,I.E19C,1.174999952,0.675063491,9
3SGB_EI,2,EI,I.G32A,1.22300005,1.312317491,9
3SGB_EI,2,EI,I.E19R,1.274999976,1.715295672,9
3SGB_EI,2,EI,I.L18F,1.373999953,1.441363215,9
3SGB_EI,2,EI,I.E19W,1.547999978,2.46369648,9
3SGB_EI,2,EI,I.Y20L,1.575999975,0.837977529,9
3SGB_EI,2,EI,I.G32S,1.60800004,1.21090889,9
3SGB_EI,2,EI,I.G32D,1.625,2.069841623,9
3SGB_EI,2,EI,I.L18Y,1.675999999,1.691679835,9
3SGB_EI,2,EI,I.Y20C,1.695000052,2.217671156,9
3SGB_EI,2,EI,I.Y20H,1.713999987,2.740332603,9
3SGB_EI,2,EI,I.L18H,1.713999987,1.108537793,9
3SGB_EI,2,EI,I.T17I,1.753000021,1.354577541,9
3SGB_EI,2,EI,I.L18W,1.86500001,0.504128397,9
3SGB_EI,2,EI,I.E19F,1.944000006,1.327158093,9
3SGB_EI,2,EI,I.Y20A,1.944000006,3.092049122,9
3SGB_EI,2,EI,I.E19S,1.944000006,1.730049968,9
3SGB_EI,2,EI,I.G32E,1.97300005,2.623268604,9
3SGB_EI,2,EI,I.T17R,1.97300005,3.541507483,9
3SGB_EI,2,EI,I.Y20M,2.003000021,1.788612366,9
3SGB_EI,2,EI,I.A15R,2.036000013,1.032670498,9
3SGB_EI,2,EI,I.T17M,2.036000013,2.516321659,9
3SGB_EI,2,EI,I.Y20E,2.036000013,3.094199896,9
3SGB_EI,2,EI,I.Y20S,2.036000013,4.824003696,9
3SGB_EI,2,EI,I.T17K,2.036000013,2.386192799,9
3SGB_EI,2,EI,I.E19G,2.105000019,1.82839334,9
3SGB_EI,2,EI,I.E19T,2.142999887,2.332924843,9
3SGB_EI,2,EI,I.G32N,2.275000095,2.28140974,9
3SGB_EI,2,EI,I.E19P,2.275000095,2.104486227,9
3SGB_EI,2,EI,I.T17S,2.46600008,1.570156097,9
3SGB_EI,2,EI,I.T17L,2.470999956,2.868279934,9
3SGB_EI,2,EI,I.A15G,2.486000061,0.395202994,9
3SGB_EI,2,EI,I.A15K,2.490999937,1.216070771,9
3SGB_EI,2,EI,I.G32K,2.525000095,-1.019237638,9
3SGB_EI,2,EI,I.T17V,2.548000097,1.929841638,9
3SGB_EI,2,EI,I.L18Q,2.604000092,3.482792854,9
3SGB_EI,2,EI,I.G32C,2.611999989,1.893660903,9
3SGB_EI,2,EI,I.G32L,2.657999992,2.957153082,9
3SGB_EI,2,EI,I.G32V,2.727999926,1.155846834,9
3SGB_EI,2,EI,I.G32H,2.737999916,1.546915412,9
3SGB_EI,2,EI,I.Y20R,2.760999918,2.103536129,9
3SGB_EI,2,EI,I.G32M,2.79399991,2.123575926,9
3SGB_EI,2,EI,I.Y20G,2.842000008,4.539417267,9
3SGB_EI,2,EI,I.Y20D,2.911999941,4.718224049,9
3SGB_EI,2,EI,I.T17C,2.926000118,1.738088965,9
3SGB_EI,2,EI,I.T17Q,2.940000057,3.534335136,9
3SGB_EI,2,EI,I.G32Q,2.95600009,2.540581465,9
3SGB_EI,2,EI,I.L18A,2.989000082,3.72981596,9
3SGB_EI,2,EI,I.G32F,3.022000074,1.528205872,9
3SGB_EI,2,EI,I.G32T,3.03399992,2.675252199,9
3SGB_EI,2,EI,I.L18V,3.03399992,2.833789349,9
3SGB_EI,2,EI,I.T17W,3.03399992,4.201022625,9
3SGB_EI,2,EI,I.G32Y,3.095999956,2.013444185,9
3SGB_EI,2,EI,I.Y20N,3.15899992,2.711445808,9
3SGB_EI,2,EI,I.T17P,3.181999922,4.739656925,9
3SGB_EI,2,EI,I.L18K,3.181999922,3.91701746,9
3SGB_EI,2,EI,I.L18T,3.204999924,2.316616297,9
3SGB_EI,2,EI,I.T17N,3.253999949,3.24645257,9
3SGB_EI,2,EI,I.Y20Q,3.280999899,2.428932667,9
3SGB_EI,2,EI,I.L18R,3.367000103,2.078641891,9
3SGB_EI,2,EI,I.T17Y,3.367000103,5.558759212,9
3SGB_EI,2,EI,I.L18N,3.400000095,2.854711533,9
3SGB_EI,2,EI,I.Y20K,3.433000088,3.144496441,9
3SGB_EI,2,EI,I.G32R,3.507999897,2.399960518,9
3SGB_EI,2,EI,I.T17H,3.507999897,2.858326912,9
3SGB_EI,2,EI,I.Y20I,3.592000008,2.609483957,9
3SGB_EI,2,EI,I.T17A,3.592000008,2.010207415,9
3SGB_EI,2,EI,I.T17F,3.638999939,3.207810163,9
3SGB_EI,2,EI,I.G32W,3.911999941,2.664057732,9
3SGB_EI,2,EI,I.G32I,4.092999935,5.152497768,9
3SGB_EI,2,EI,I.L18S,4.157999992,3.921005487,9
3SGB_EI,2,EI,I.Y20V,4.421999931,2.404850006,9
3SGB_EI,2,EI,I.L18I,4.480999947,3.870031834,9
3SGB_EI,2,EI,I.T17E,4.796999931,4.229750633,9
3SGB_EI,2,EI,I.Y20T,4.872000217,3.597729445,9
3SGB_EI,2,EI,I.T17D,4.955999851,4.849565506,9
3SGB_EI,2,EI,I.L18G,5.002999783,5.540150642,9
3SGB_EI,2,EI,I.T17G,5.584000111,3.345832109,9
3SGB_EI,2,EI,I.L18D,5.669000149,6.381188393,9
3SGB_EI,2,EI,I.L18E,5.982999802,6.006325245,9
3SGB_EI,2,EI,I.Y20P,6.276000023,5.720315456,9
3SGB_EI,2,EI,I.R21P,7.684000015,6.039657116,9
3SGB_EI,2,EI,I.L18P,8.446000099,8.006575584,9
3SZK_ABCDEF,3,ABC,C.K142A,-0.035999998,0.091644131,9
3SZK_ABCDEF,3,ABC,C.V112A,0.096000001,0.83471328,9
3SZK_ABCDEF,3,ABC,C.K141A,0.096000001,0.567718983,9
3SZK_ABCDEF,3,ABC,C.N120A,0.125,0.753961265,9
3SZK_ABCDEF,3,ABC,C.D136A,0.203999996,0.282700211,9
3SZK_ABCDEF,3,ABC,C.D133A,0.203999996,0.250404626,9
3SZK_ABCDEF,3,ABC,C.N151A,0.203999996,1.041041136,9
3SZK_ABCDEF,3,ABC,C.G207A,0.375,1.359200239,9
3SZK_ABCDEF,3,ABC,C.D205A,0.674000025,0.77352941,9
3SZK_ABCDEF,3,ABC,C.E209A,0.69599998,1.131488562,9
3SZK_ABCDEF,3,ABC,C.D206A,0.69599998,0.769913793,9
3SZK_ABCDEF,3,ABC,C.Q124A,0.76700002,0.782677472,9
3SZK_ABCDEF,3,ABC,C.E208A,0.838,0.251002669,9
3SZK_ABCDEF,3,ABC,C.T123A,0.931999981,1.625472903,9
3SZK_ABCDEF,3,ABC,C.T155A,1.468999982,0.971379638,9
3SZK_ABCDEF,3,ABC,C.S154A,1.514000058,1.486067176,9
3SZK_ABCDEF,3,ABC,C.F129A,2.200999975,1.936874628,9
3SZK_ABCDEF,3,ABC,C.F128A,2.219000101,2.290540218,9
3SZK_ABCDEF,3,ABC,C.H127A,2.536999941,0.674495697,9
3SZK_ABCDEF,3,ABC,C.Y125A,2.904999971,1.682553053,9
3SZK_ABCDEF,3,ABC,C.Y126A,2.982000113,2.378466368,9
3TGK_EI,2,EI,E.N194D,-0.170000002,0.979549348,9
3U82_AB,2,AB,B.I80A,2.595999956,1.054746509,9
3UIG_ABPQ,4,ABPQ,A.K62A,0.446999997,1.213043332,9
3UIG_ABPQ,4,ABPQ,A.E51A,0.647000015,1.021748662,9
3UIG_ABPQ,4,ABPQ,A.E65A,1.758999944,1.874881625,9
3UIG_ABPQ,4,ABPQ,A.E76A,1.792999983,0.606568992,9
3UIG_ABPQ,4,ABPQ,A.D71A,2.039000034,0.904204309,9
3UII_ABPQ,4,ABPQ,A.K62A,0.046,0.594790518,9
3VR6_ABCDEFGH,8,ABCDEFGH,G.A169S,-0.340999991,0.560787916,9
3VR6_ABCDEFGH,8,ABCDEFGH,G.L28N,0.310000002,0.024576018,9
3VR6_ABCDEFGH,8,ABCDEFGH,G.L29N,0.675000012,2.404163599,9
3VR6_ABCDEFGH,8,ABCDEFGH,G.L170N,0.709999979,1.279073,9
3VR6_ABCDEFGH,8,ABCDEFGH,G.R165A,0.829999983,1.063187599,9
3VR6_ABCDEFGH,8,ABCDEFGH,G.R166A,0.898999989,0.377319843,9
3W2D_AHL,3,AHL,A.K98R,-0.428000003,1.953674912,9
3W2D_AHL,3,AHL,A.Y73F,0.878000021,2.836652279,9
3W2D_AHL,3,AHL,A.Y73L,2.365999937,0.397013813,9
3W2D_AHL,3,AHL,A.K98N,4.624000072,1.20329392,9
3WWN_AB,2,AB,A.R227E,-0.337000012,1.102541208,9
3WWN_AB,2,AB,A.K231E,0.156000003,1.531769395,9
3WWN_AB,2,AB,A.R230E,1.29400003,1.454542041,9
4B0M_ABM,3,ABM,B.A141G,0.298000008,2.566737413,9
4B0M_ABM,3,ABM,M.P103A,0.405999988,-2.735958576,9
4B0M_ABM,3,ABM,A.M8A,0.430000007,0.886906862,9
4B0M_ABM,3,ABM,M.Y12G,0.629000008,1.089299321,9
4B0M_ABM,3,ABM,M.P103S,0.758000016,0.85623312,9
4B0M_ABM,3,ABM,M.Y40A,1.652999997,0.809918106,9
4B0M_ABM,3,ABM,M.L43A,1.909000039,0.819158912,9
4B0M_ABM,3,ABM,M.P104A,1.916000009,0.79506284,9
4B0M_ABM,3,ABM,M.P104S,1.993999958,0.733227193,9
4BFI_AB,2,AB,B.Q27K,-0.219999999,0.48221156,9
4BFI_AB,2,AB,B.Q7K,-0.012,0.747280598,9
4BFI_AB,2,AB,B.S18D,0.030999999,0.674709857,9
4BFI_AB,2,AB,B.L92A,1.307000041,1.687350512,9
4BFI_AB,2,AB,B.F96A,2.076999903,2.458696842,9
4BFI_AB,2,AB,B.L30K,2.076999903,3.253689289,9
4BFI_AB,2,AB,B.K100E,2.318000078,0.825918198,9
4BFI_AB,2,AB,B.N44A,2.318000078,3.002857208,9
4BFI_AB,2,AB,B.N44D,2.727999926,2.175985575,9
4BFI_AB,2,AB,B.F96D,2.727999926,2.006171465,9
4BFI_AB,2,AB,B.N94K,2.727999926,2.217526197,9
4CPA_ABIJ,2,AI,I.V38F,0,0.906428516,9
4CPA_ABIJ,2,AI,I.Y37F,0,0.91856271,9
4CPA_ABIJ,2,AI,I.V38I,0.199000001,2.286724329,9
4CPA_ABIJ,2,AI,I.Y37G,0.501999974,0.989546716,9
4CPA_ABIJ,2,AI,I.V38L,1.279000044,1.192441106,9
4CPA_ABIJ,2,AI,I.V38A,2.325999975,0.355399877,9
4CPA_ABIJ,2,AI,I.P36G,2.595999956,2.972242832,9
4CPA_ABIJ,2,AI,I.V38G,3.734999895,1.95112741,9
4CVW_ABCD,2,AC,C.L41W,0.335999995,0.391194969,9
4CVW_ABCD,2,AC,A.D730W,1.220999956,0.422895461,9
4CVW_ABCD,2,AC,C.R38W,1.491000056,0.016643187,9
4CVW_ABCD,2,AC,C.R34A,1.828999996,1.16469574,9
4CVW_ABCD,2,AC,C.R38A,2.076999903,3.484401226,9
4CVW_ABCD,2,AC,C.L41G,2.727999926,2.856933594,9
4CVW_ABCD,2,AC,A.D730R,3.048000097,1.267260194,9
4CVW_ABCD,2,AC,C.V42D,4.921000004,0.877907455,9
4E6K_ABCDEFGHI,9,ABCDEFGHI,G.K40A,0.501999974,1.018360734,9
4E6K_ABCDEFGHI,9,ABCDEFGHI,G.Y2F,0.697000027,0.211392716,9
4E6K_ABCDEFGHI,9,ABCDEFGHI,G.L5A,1.902999997,0.930948317,9
4EKD_AB,2,AB,A.C183R,-0.056000002,0.679474056,9
4FTV_ABCDE,5,ABCDE,D.K68A,-1.580000043,0.896512926,9
4FTV_ABCDE,5,ABCDE,E.Q102E,0.056000002,0.619616628,9
4FTV_ABCDE,5,ABCDE,A.T163A,0.361000001,0.612944126,9
4FTV_ABCDE,5,ABCDE,E.Q102R,0.411000013,1.951830745,9
4FTV_ABCDE,5,ABCDE,D.D99A,1.014000058,0.178005174,9
4FTV_ABCDE,5,ABCDE,A.R65A,3.826999903,1.382757902,9
4FZA_AB,2,AB,B.E138A,0.425000012,0.57429719,9
4FZA_AB,2,AB,A.F178E,0.542999983,1.751770616,9
4FZA_AB,2,AB,A.R227A,1.027999997,2.816554785,9
4FZA_AB,2,AB,A.Y223A,1.271000028,1.868817806,9
4G0N_AB,2,AB,B.A85K,-1.108999968,-0.450122803,9
4G0N_AB,2,AB,B.N71R,-0.698000014,0.237630039,10
4G0N_AB,2,AB,A.R41A,-0.58099997,1.586968303,10
4G0N_AB,2,AB,A.V45A,-0.291000009,1.573012948,9
4G0N_AB,2,AB,A.H27A,-0.291000009,0.726438701,10
4G0N_AB,2,AB,B.V88A,0.097000003,0.898972988,9
4G0N_AB,2,AB,B.N64A,0.097000003,0.771308541,10
4G0N_AB,2,AB,A.S39A,0.291000009,0.647282064,10
4G0N_AB,2,AB,A.E31A,0.486000001,0.876825392,9
4G0N_AB,2,AB,B.V88I,0.551999986,0.380461365,10
4G0N_AB,2,AB,B.F61W,0.602999985,-0.297338277,9
4G0N_AB,2,AB,A.I21A,0.870999992,1.103144765,9
4G0N_AB,2,AB,B.V69A,0.967999995,1.864864469,10
4G0N_AB,2,AB,A.D33A,1.065000057,1.546419859,9
4G0N_AB,2,AB,B.K65M,1.322999954,1.36096704,9
4G0N_AB,2,AB,B.T68A,1.452999949,1.987128019,10
4G0N_AB,2,AB,B.Q66A,1.646000028,0.396364063,10
4G0N_AB,2,AB,B.R59A,1.646000028,1.846431375,10
4G0N_AB,2,AB,A.E37A,1.743000031,1.901873946,9
4G0N_AB,2,AB,A.I36A,1.743000031,2.483818293,9
4G0N_AB,2,AB,B.N64D,1.809000015,0.852736473,10
4G0N_AB,2,AB,B.K65A,1.832000017,1.698857784,9
4G0N_AB,2,AB,B.K65E,1.917000055,0.972684443,9
4G0N_AB,2,AB,B.R67A,1.937000036,1.899318218,10
4G0N_AB,2,AB,B.K84A,2.130000114,1.715307951,9
4G0N_AB,2,AB,A.T35S,2.213999987,0.605073094,10
4G0N_AB,2,AB,A.T35A,2.628999949,2.30930829,10
4G0N_AB,2,AB,A.D38A,3.194000006,3.034961462,9
4G0N_AB,2,AB,B.K84E,5.065999985,2.251548052,9
4G0N_AB,2,AB,B.R89L,5.359000206,2.719820738,10
4G2V_AB,2,AB,A.N283R,0.222000003,1.270063281,10
4G2V_AB,2,AB,A.R221E,2.236999989,1.735950589,10
4GNK_ABCDE,2,AB,B.L876A,-1.421000004,0.656017959,10
4GNK_ABCDE,2,AB,B.T652E,-0.188999996,1.087920666,10
4GNK_ABCDE,2,AB,A.K311A,0.098999999,0.930790544,10
4GXU_ABCDEFGHIJKLMNO,12,ABCDEFMNOPQR,A.D225G,1.962000012,0.119211681,10
4GXU_ABCDEFGHIJKLMNO,12,ABCDEFMNOPQR,A.D190E,2.165999889,0.486382306,10
4HFK_ABCD,4,ABCD,B.N67A,-0.02,0.030030008,10
4HFK_ABCD,4,ABCD,B.L68A,0.029999999,0.638179123,10
4HFK_ABCD,4,ABCD,B.S66A,0.202000007,-0.998890042,10
4HFK_ABCD,4,ABCD,B.E74A,0.941999972,0.957389116,10
4HFK_ABCD,4,ABCD,B.E64A,1.18900001,2.186081648,10
4HFK_ABCD,4,ABCD,B.R40A,1.39199996,0.892842293,10
4HFK_ABCD,4,ABCD,D.T91A,1.850000024,2.788852692,10
4HFK_ABCD,4,ABCD,B.L63A,2.525000095,2.393682957,10
4HRN_ABCD,4,ABCD,D.S51A,0.802999973,1.266083956,10
4HRN_ABCD,4,ABCD,D.F55A,2.460999966,0.956843019,10
4HRN_ABCD,4,ABCD,D.L25A,2.59800005,1.512031317,10
4HRN_ABCD,4,ABCD,D.V52A,2.812000036,3.082529545,10
4HSA_ABCDEF,3,ABC,A.W67V,-0.222000003,0.048342243,10
4HSA_ABCDEF,3,ABC,A.H86S,-0.123000003,0.93605274,10
4HSA_ABCDEF,3,ABC,A.Y85I,0.118000001,0.747863173,10
4HSA_ABCDEF,3,ABC,A.R55V,0.58099997,1.08764708,10
4I77_HLZ,3,HLZ,H.Y98F,0,1.016335726,10
4I77_HLZ,3,HLZ,H.Y97F,0,1.002876759,10
4I77_HLZ,3,HLZ,L.Y28F,0,1.159686685,10
4I77_HLZ,3,HLZ,H.Y100F,0,1.075317502,10
4I77_HLZ,3,HLZ,L.Y28A,0,1.096241355,10
4I77_HLZ,3,HLZ,H.Y97A,0,0.919854522,10
4I77_HLZ,3,HLZ,H.Y98A,0.941999972,1.601801753,10
4I77_HLZ,3,HLZ,H.Y100A,1.692000031,1.311922193,10
4I77_HLZ,3,HLZ,L.N91A,1.722000003,0.565585375,10
4I77_HLZ,3,HLZ,H.W52F,2.099999905,0.916933954,10
4I77_HLZ,3,HLZ,H.W52A,2.11500001,1.765904903,10
4I77_HLZ,3,HLZ,H.D54A,2.125,0.745204687,10
4J2L_ABCD,2,AC,A.S602D,-0.970000029,0.168535814,10
4J2L_ABCD,2,AC,A.L686E,-0.630999982,1.292479515,10
4J2L_ABCD,2,AC,A.V591A,0.090000004,0.704498172,10
4J2L_ABCD,2,AC,C.L40S,1.687999964,0.791252077,10
4J2L_ABCD,2,AC,C.W37A,2.230999947,2.826798201,10
4JEU_AB,2,AB,A.R171A,-0.411000013,0.939619601,10
4JEU_AB,2,AB,B.T5A,0.180999994,0.613245904,10
4JEU_AB,2,AB,A.R39C,0.910000026,1.375079989,10
4JEU_AB,2,AB,B.L8A,1.108999968,1.116171598,10
4JEU_AB,2,AB,B.R4A,1.128000021,1.791960239,10
4JEU_AB,2,AB,B.I233A,3.242000103,0.532081783,10
4JFD_ABCDE,5,ABCDE,C.A4G,-6.518000126,-3.756175041,10
4JFE_ABCDE,5,ABCDE,C.A7I,-6.429999828,-6.784345627,10
4JFF_ABCDE,5,ABCDE,C.L8A,6.198999882,3.514243126,10
4JFF_ABCDE,5,ABCDE,C.I7A,6.429999828,5.6686306,10
4JFF_ABCDE,5,ABCDE,C.G4A,6.518000126,9.764546394,10
4JFF_ABCDE,5,ABCDE,C.T9A,6.53399992,3.494318724,10
4JFF_ABCDE,5,ABCDE,C.G6A,6.59499979,4.612645626,10
4JFF_ABCDE,5,ABCDE,C.E1A,7.322999954,4.682467461,10
4JGH_ABCD,4,ABCD,D.W53A,2.049000025,0.469277442,10
4JPK_AHL,3,AHL,A.T35S,-0.032000002,1.705982208,10
4JPK_AHL,3,AHL,A.R130K,0.230000004,0.711212575,10
4JPK_AHL,3,AHL,A.V30N,0.595000029,1.322973609,10
4JPK_AHL,3,AHL,A.R81T,0.759000003,0.51910454,10
4JPK_AHL,3,AHL,A.F63L,1.167999983,0.396441549,10
4JPK_AHL,3,AHL,A.F144I,1.388000011,0.330558866,10
4JPK_AHL,3,AHL,A.S41G,2.153000116,1.102615237,10
4JPK_AHL,3,AHL,A.D141R,3.858999968,0.628952146,10
4K71_ABCDEF,3,ABC,B.H161F,0.185000002,0.223555773,10
4K71_ABCDEF,3,ABC,B.H161A,0.643999994,0.454563171,10
4K71_ABCDEF,3,ABC,A.G505E,0.741999984,0.691081524,10
4K71_ABCDEF,3,ABC,A.H464F,1.00999999,0.417616963,10
4K71_ABCDEF,3,ABC,A.H464A,1.052000046,0.858483613,10
4K71_ABCDEF,3,ABC,A.A547V,2.032000065,0.445528537,10
4KRL_AB,2,AB,B.D112A,0.649999976,1.025515556,10
4KRL_AB,2,AB,B.R30A,1.720999956,0.604533613,10
4KRO_ABCD,4,ABCD,B.D104A,1.504999995,2.628209591,10
4KRO_ABCD,4,ABCD,B.R27A,1.583999991,5.555719376,10
4KRP_ABCD,4,ABCD,B.E113A,1.606999993,0.777587712,10
4L0P_AB,2,AB,A.T37K,0,1.241324425,10
4L0P_AB,2,AB,A.S46F,0.056000002,0.8250615,10
4L0P_AB,2,AB,A.T166N,0.277999997,1.081215143,10
4L0P_AB,2,AB,A.N85S,0.31400001,1.01885891,10
4L0P_AB,2,AB,A.T102Q,1.472000003,0.001968098,10
4L0P_AB,2,AB,A.E53K,2.665999889,-0.445293456,10
4L3E_ABCDE,5,ABCDE,D.N52A,-0.460000008,0.689540684,10
4L3E_ABCDE,5,ABCDE,D.Y50A,0.467999995,0.363279164,10
4L3E_ABCDE,5,ABCDE,A.E166A,1.218000054,0.532867968,10
4L3E_ABCDE,5,ABCDE,A.Q155A,1.258999944,0.682018697,10
4L3E_ABCDE,5,ABCDE,A.R65A,1.302000046,2.227573872,10
4L3E_ABCDE,5,ABCDE,E.Y51A,2.227999926,0.894102335,10
4L3E_ABCDE,5,ABCDE,D.Y26A,2.785000086,1.621577978,10
4LRX_ABCD,4,ABCD,A.H56N,0.326000005,0.239257291,10
4MNQ_ABCDE,5,ABCDE,C.L6A,4.149000168,5.797585011,10
4MNQ_ABCDE,5,ABCDE,C.K4A,4.93599987,1.61012423,10
4MYW_ABCD,2,AB,B.I80A,2.572999954,1.589181066,10
4N8V_ABCDEFGI,4,ABCG,G.P16A,-0.216999993,1.498882294,10
4N8V_ABCDEFGI,4,ABCG,G.Y134A,0.119999997,0.719347179,10
4N8V_ABCDEFGI,4,ABCG,G.Y45F,0.515999973,0.599125028,10
4N8V_ABCDEFGI,4,ABCG,G.K44A,0.588,1.132948995,10
4NKQ_ABC,3,ABC,C.N27D,-0.601999998,-0.203152567,10
4NKQ_ABC,3,ABC,B.K226A,-0.56099999,-0.22771588,10
4NKQ_ABC,3,ABC,B.Q225A,-0.398999989,1.225675106,10
4NKQ_ABC,3,ABC,C.N17E,-0.391000003,0.612301648,10
4NKQ_ABC,3,ABC,B.Y172A,-0.375,-0.525842547,10
4NKQ_ABC,3,ABC,B.E197A,-0.352999985,0.192102492,10
4NKQ_ABC,3,ABC,C.D112K,-0.331999987,1.69273293,10
4NKQ_ABC,3,ABC,B.R283D,-0.291000009,2.274977922,10
4NKQ_ABC,3,ABC,C.L28D,-0.234999999,0.856691301,10
4NKQ_ABC,3,ABC,B.Y172F,-0.233999997,0.522083402,10
4NKQ_ABC,3,ABC,C.R24D,-0.206,0.464741409,10
4NKQ_ABC,3,ABC,B.K195D,-0.199000001,0.491973341,10
4NKQ_ABC,3,ABC,B.K195A,-0.199000001,0.285882443,10
4NKQ_ABC,3,ABC,B.R170D,-0.077,0.133146882,10
4NKQ_ABC,3,ABC,B.I196A,-0.050000001,0.526410699,10
4NKQ_ABC,3,ABC,B.N171A,0.100000001,1.937530279,10
4NKQ_ABC,3,ABC,B.D231A,0.109999999,0.518321216,10
4NKQ_ABC,3,ABC,C.R23D,0.111000001,0.499382108,10
4NKQ_ABC,3,ABC,B.R170A,0.119999997,0.980923831,10
4NKQ_ABC,3,ABC,B.D192A,0.158000007,0.964305103,10
4NKQ_ABC,3,ABC,B.D192R,0.202999994,0.729320526,10
4NKQ_ABC,3,ABC,B.L227A,0.236000001,0.651848614,10
4NKQ_ABC,3,ABC,B.S228A,0.275000006,0.217232928,10
4NKQ_ABC,3,ABC,B.T193A,0.319000006,1.713679552,10
4NKQ_ABC,3,ABC,B.R261Q,0.331999987,0.71100837,10
4NKQ_ABC,3,ABC,C.I19G,0.333999991,0.40976733,10
4NKQ_ABC,3,ABC,B.R283A,0.360000014,0.536648393,10
4NKQ_ABC,3,ABC,B.K194A,0.386000007,0.218764246,10
4NKQ_ABC,3,ABC,B.D281A,0.423000008,0.946714342,10
4NKQ_ABC,3,ABC,B.D281E,0.467999995,0.402314276,10
4NKQ_ABC,3,ABC,B.K194D,1.062000036,0.863615572,10
4NKQ_ABC,3,ABC,B.R283M,1.863999963,0.874376595,10
4NKQ_ABC,3,ABC,B.D281N,2.118999958,0.987154782,10
4NKQ_ABC,3,ABC,C.E21R,2.640000105,-0.504270852,10
4NM8_ABCDEFHIJLMN,12,ABCDEFHIJLMN,B.L38Y,-0.605000019,0.34173584,10
4NM8_ABCDEFHIJLMN,12,ABCDEFHIJLMN,B.T32E,-0.542999983,0.439669907,10
4NM8_ABCDEFHIJLMN,12,ABCDEFHIJLMN,B.T32I,-0.048999999,0.424838156,10
4NM8_ABCDEFHIJLMN,12,ABCDEFHIJLMN,B.I18M,0.108000003,0.651479721,10
4NM8_ABCDEFHIJLMN,12,ABCDEFHIJLMN,B.D19N,0.651000023,0.516480863,10
4NM8_ABCDEFHIJLMN,12,ABCDEFHIJLMN,B.T32R,1.202000022,1.898770928,10
4NM8_ABCDEFHIJLMN,12,ABCDEFHIJLMN,B.Q34T,2.292999983,2.253388405,10
4NM8_ABCDEFHIJLMN,12,ABCDEFHIJLMN,B.Q34R,2.927999973,2.571217299,10
4NM8_ABCDEFHIJLMN,12,ABCDEFHIJLMN,B.R25M,3.387000084,1.011442423,10
4NZW_AB,2,AB,A.K96A,0.075999998,1.285077572,10
4NZW_AB,2,AB,B.E59A,0.324999988,0.519229352,10
4NZW_AB,2,AB,B.E134A,0.356999993,1.312522888,10
4O27_ABC,3,ABC,B.E138A,0.301999986,0.847728193,10
4O27_ABC,3,ABC,B.E58A,0.370999992,0.134077087,10
4O27_ABC,3,ABC,A.K96A,1.024999976,-0.008109057,10
4O27_ABC,3,ABC,A.Y223A,1.195000052,0.589371264,10
4OFY_ABCDEF,2,AD,A.M56A,0.083999999,0.933789909,10
4OFY_ABCDEF,2,AD,A.S107A,0.142000005,0.395393252,10
4OFY_ABCDEF,2,AD,A.E108A,0.282000005,1.326808572,10
4OFY_ABCDEF,2,AD,A.D58A,0.549000025,1.440614939,10
4OFY_ABCDEF,2,AD,A.Q54A,1.177000046,3.236844778,10
4OFY_ABCDEF,2,AD,A.Q105A,1.73300004,3.15823555,10
4OFY_ABCDEF,2,AD,D.L61A,2.568000078,1.113934755,10
4OFY_ABCDEF,2,AD,D.Q53A,2.869999886,1.656145573,10
4OFY_ABCDEF,2,AD,D.R115A,3.421000004,1.323932767,10
4OFY_ABCDEF,2,AD,A.F60A,4.604000092,0.664224446,10
4OFY_ABCDEF,2,AD,D.Q105A,4.644999981,1.161731601,10
4OZG_ABCDEFGHIJ,5,ABGHJ,H.Y55F,-0.647000015,-0.007571226,10
4OZG_ABCDEFGHIJ,5,ABGHJ,H.N63A,-0.111000001,0.397694409,10
4OZG_ABCDEFGHIJ,5,ABGHJ,G.N36A,-0.071999997,0.659899294,10
4OZG_ABCDEFGHIJ,5,ABGHJ,H.Y117F,0.533999979,0.238963038,10
4OZG_ABCDEFGHIJ,5,ABGHJ,H.Q57A,0.805000007,0.565321207,10
4OZG_ABCDEFGHIJ,5,ABGHJ,H.F110A,0.884000003,0.478743255,10
4OZG_ABCDEFGHIJ,5,ABGHJ,G.L57A,1.18599999,0.856451571,10
4OZG_ABCDEFGHIJ,5,ABGHJ,H.F108A,1.434999943,0.825745761,10
4OZG_ABCDEFGHIJ,5,ABGHJ,H.D114A,1.649999976,0.706094563,10
4OZG_ABCDEFGHIJ,5,ABGHJ,G.Y40F,1.743999958,1.059179068,10
4OZG_ABCDEFGHIJ,5,ABGHJ,H.R109A,1.743999958,0.40486303,10
4OZG_ABCDEFGHIJ,5,ABGHJ,G.Y38A,1.743999958,0.478119493,10
4P23_ABCD,4,ABCD,D.S63A,0,1.329262018,10
4P23_ABCD,4,ABCD,C.V72A,0,1.335015178,10
4P23_ABCD,4,ABCD,D.T77A,0,1.334309697,10
4P23_ABCD,4,ABCD,D.E84A,0.090999998,0.565279126,10
4P23_ABCD,4,ABCD,D.E59A,0.090999998,0.403372586,10
4P23_ABCD,4,ABCD,D.P65A,0.090999998,0.601130128,10
4P23_ABCD,4,ABCD,D.D76A,0.090999998,0.398535609,10
4P23_ABCD,4,ABCD,D.R80A,0.090999998,0.78683275,10
4P23_ABCD,4,ABCD,D.R72A,0.090999998,0.62356025,10
4P23_ABCD,4,ABCD,D.E69A,0.170000002,0.848240137,10
4P23_ABCD,4,ABCD,D.H81A,0.170000002,1.026380301,10
4P23_ABCD,4,ABCD,C.K75A,0.170000002,1.400304198,10
4P23_ABCD,4,ABCD,D.E66A,0.170000002,0.703683496,10
4P23_ABCD,4,ABCD,D.Q64A,0.170000002,1.497495532,10
4P23_ABCD,4,ABCD,D.I67A,0.170000002,1.078142524,10
4P23_ABCD,4,ABCD,D.Y60A,0.239999995,1.298370123,10
4P23_ABCD,4,ABCD,C.H68A,0.616999984,0.649235427,10
4P23_ABCD,4,ABCD,C.K67A,0.683000028,3.118517637,10
4P23_ABCD,4,ABCD,C.L60A,0.953999996,1.434705973,10
4P23_ABCD,4,ABCD,C.Q57A,0.97299999,1.269055128,10
4P23_ABCD,4,ABCD,C.D55A,0.991999984,0.977092087,10
4P23_ABCD,4,ABCD,C.V65A,1.167000055,0.567726731,10
4P23_ABCD,4,ABCD,C.K39A,1.194000006,0.957727492,10
4P23_ABCD,4,ABCD,C.N62A,1.511999965,0.647641838,10
4P23_ABCD,4,ABCD,C.Q61A,1.911000013,0.682691932,10
4P23_ABCD,4,ABCD,D.R70A,2.072000027,1.874121189,10
4P5T_ABCDEFGH,4,ABCD,D.E84A,0,1.513707995,10
4P5T_ABCDEFGH,4,ABCD,C.Q61A,0,1.799708366,10
4P5T_ABCDEFGH,4,ABCD,D.S63A,0,2.569458485,10
4P5T_ABCDEFGH,4,ABCD,D.P65A,0,1.597791314,10
4P5T_ABCDEFGH,4,ABCD,C.Q57A,0,1.620100737,10
4P5T_ABCDEFGH,4,ABCD,C.V72A,0,3.48675251,10
4P5T_ABCDEFGH,4,ABCD,D.Q64A,0,1.822097659,10
4P5T_ABCDEFGH,4,ABCD,D.D76A,0,1.384797812,10
4P5T_ABCDEFGH,4,ABCD,D.R80A,0,2.40510869,10
4P5T_ABCDEFGH,4,ABCD,D.R72A,0,2.312871933,10
4P5T_ABCDEFGH,4,ABCD,D.I67A,0.090999998,0.954417288,10
4P5T_ABCDEFGH,4,ABCD,D.Y60A,0.170000002,1.523689508,10
4P5T_ABCDEFGH,4,ABCD,D.E59A,0.239999995,1.381270766,10
4P5T_ABCDEFGH,4,ABCD,C.K75A,0.358999997,0.825400651,10
4P5T_ABCDEFGH,4,ABCD,D.E66A,0.616999984,1.14203465,10
4P5T_ABCDEFGH,4,ABCD,C.D55A,0.616999984,0.820813,10
4P5T_ABCDEFGH,4,ABCD,D.H81A,0.796000004,1.149990916,10
4P5T_ABCDEFGH,4,ABCD,D.T77A,0.82099998,2.227031469,10
4P5T_ABCDEFGH,4,ABCD,C.V65A,0.869000018,1.147578478,10
4P5T_ABCDEFGH,4,ABCD,C.K67A,0.991999984,1.081723452,10
4P5T_ABCDEFGH,4,ABCD,D.E69A,1.00999999,0.949239552,10
4P5T_ABCDEFGH,4,ABCD,C.H68A,1.00999999,1.208497405,10
4P5T_ABCDEFGH,4,ABCD,C.L60A,1.00999999,2.371674776,10
4P5T_ABCDEFGH,4,ABCD,C.K39A,1.139000058,1.777279973,10
4P5T_ABCDEFGH,4,ABCD,C.N62A,1.496000051,1.319760084,10
4P5T_ABCDEFGH,4,ABCD,D.R70A,2.075000048,0.243898749,10
4PWX_ABCDEF,6,ABCDEF,C.E31A,-0.685000002,0.777101815,10
4PWX_ABCDEF,6,ABCDEF,C.H33A,-0.34799999,1.271549821,10
4PWX_ABCDEF,6,ABCDEF,C.K23A,-0.273999989,0.71169436,10
4PWX_ABCDEF,6,ABCDEF,C.Q34A,-0.178000003,0.768835664,10
4PWX_ABCDEF,6,ABCDEF,B.K69D,0.119000003,0.064936906,10
4PWX_ABCDEF,6,ABCDEF,B.K69A,0.202000007,0.915933788,10
4PWX_ABCDEF,6,ABCDEF,B.K72D,0.261999995,0.60942775,10
4PWX_ABCDEF,6,ABCDEF,C.R45A,0.335000008,0.852832377,10
4PWX_ABCDEF,6,ABCDEF,B.R75A,0.358999997,1.163026452,10
4PWX_ABCDEF,6,ABCDEF,C.D74K,0.370999992,1.317099214,10
4PWX_ABCDEF,6,ABCDEF,B.K72A,0.448000014,0.097449929,10
4PWX_ABCDEF,6,ABCDEF,C.K15A,0.467999995,1.663570285,10
4PWX_ABCDEF,6,ABCDEF,C.Y29A,0.754999995,1.117761493,10
4PWX_ABCDEF,6,ABCDEF,A.Q257A,1.014000058,0.543036819,10
4PWX_ABCDEF,6,ABCDEF,A.E258A,1.039000034,0.26886797,10
4PWX_ABCDEF,6,ABCDEF,C.E81K,1.103999972,1.1667732,10
4PWX_ABCDEF,6,ABCDEF,A.D308A,1.143000007,0.613788307,10
4PWX_ABCDEF,6,ABCDEF,C.Y30A,1.144999981,-2.053697109,10
4PWX_ABCDEF,6,ABCDEF,A.E253K,1.728999972,0.476013035,10
4PWX_ABCDEF,6,ABCDEF,A.E304K,1.728999972,0.568943143,10
4PWX_ABCDEF,6,ABCDEF,B.R322A,1.728999972,0.655522525,10
4PWX_ABCDEF,6,ABCDEF,A.F246A,1.728999972,0.590895653,10
4PWX_ABCDEF,6,ABCDEF,C.R37A,1.728999972,0.831976891,10
4PWX_ABCDEF,6,ABCDEF,A.Y250A,1.728999972,1.063092947,10
4PWX_ABCDEF,6,ABCDEF,C.R42A,1.728999972,0.834977329,10
4RA0_ABCD,4,ABCD,C.R127G,0.246999994,0.390797734,10
4RA0_ABCD,4,ABCD,C.A92V,0.930999994,0.552671134,10
4RS1_AB,2,AB,B.E197A,-0.694999993,0.74156332,10
4RS1_AB,2,AB,B.Y172A,-0.656000018,1.052813292,10
4RS1_AB,2,AB,B.Y172F,-0.449000001,0.271156222,10
4RS1_AB,2,AB,B.I196A,-0.275999993,0.756979883,10
4RS1_AB,2,AB,A.K111A,-0.115000002,0.812091351,10
4RS1_AB,2,AB,B.N171A,-0.046,1.091460943,10
4RS1_AB,2,AB,B.L227A,0.071999997,0.725939929,10
4RS1_AB,2,AB,A.K111E,0.125,1.454145789,10
4RS1_AB,2,AB,A.R23D,0.178000003,0.822695076,10
4RS1_AB,2,AB,A.R24D,0.189999998,-0.24458684,10
4RS1_AB,2,AB,A.K111Q,0.273999989,1.843615413,10
4RS1_AB,2,AB,B.K226A,0.275999993,2.226683617,10
4RS1_AB,2,AB,A.N109D,0.296000004,1.732984543,10
4RS1_AB,2,AB,A.E108K,0.337000012,0.762279451,10
4RS1_AB,2,AB,A.E21R,0.393999994,-0.435704142,10
4RS1_AB,2,AB,A.Q99A,0.469999999,0.536619723,10
4RS1_AB,2,AB,A.E108A,0.476999998,-0.016413821,10
4RS1_AB,2,AB,B.T193A,0.481000006,0.527743936,10
4RS1_AB,2,AB,B.S228A,0.615999997,0.569452882,10
4RS1_AB,2,AB,A.I19G,0.856000006,1.976649046,10
4RS1_AB,2,AB,B.K195A,0.870999992,1.415428042,10
4RS1_AB,2,AB,A.N109K,0.910000026,1.674761176,10
4RS1_AB,2,AB,A.E108Q,0.925000012,2.148396015,10
4RS1_AB,2,AB,A.Q99E,1.212000012,-0.047511786,10
4RS1_AB,2,AB,A.N109A,1.289999962,2.986889124,10
4RS1_AB,2,AB,B.Q225A,1.353999972,0.124971196,10
4RS1_AB,2,AB,A.D112N,1.429999948,0.571284056,10
4RS1_AB,2,AB,A.E45A,1.503000021,1.346789598,10
4RS1_AB,2,AB,A.D112A,2.132999897,2.224529028,10
4RS1_AB,2,AB,A.E45K,2.140000105,0.629070282,10
4RS1_AB,2,AB,A.L115A,2.365999937,2.003986835,10
4RS1_AB,2,AB,A.D48A,2.592000008,1.037933707,10
4RS1_AB,2,AB,A.D112R,3.130000114,2.362826824,10
4RS1_AB,2,AB,A.D112K,3.25999999,1.431740284,10
4RS1_AB,2,AB,A.D48K,3.618999958,1.504272461,10
4RS1_AB,2,AB,A.F119A,3.625999928,1.045650482,10
4U6H_ABCDEJ,3,ABE,E.N27A,-0.34799999,2.279042482,10
4U6H_ABCDEJ,3,ABE,E.Q31A,0.119000003,0.533935547,10
4WND_AB,2,AB,A.N283R,-0.021,0.868784785,10
4WND_AB,2,AB,A.R221E,2.796000004,1.407648444,10
4X4M_ABCDEF,3,ABE,E.H174A,0.382999986,0.766088903,10
4X4M_ABCDEF,3,ABE,E.K173A,0.639999986,2.775716066,10
4X4M_ABCDEF,3,ABE,E.R175E,0.64200002,0.674286902,10
4X4M_ABCDEF,3,ABE,E.K173E,0.953999996,1.624434948,10
4X4M_ABCDEF,3,ABE,E.R175A,1.74000001,0.843075395,10
4X4M_ABCDEF,3,ABE,E.H174E,1.985000014,0.876271904,10
4Y61_AB,2,AB,B.R114A,-0.193000004,0.329278648,10
4Y61_AB,2,AB,A.Y273A,-0.078000002,0.552865863,10
4YEB_AB,2,AB,A.A313S,0.068999998,1.373666525,10
4YEB_AB,2,AB,B.R117T,0.277999997,1.109627604,10
4YEB_AB,2,AB,A.D332A,1.368000031,0.274321496,10
4YEB_AB,2,AB,B.F160A,2.417000055,0.628596842,10
4YFD_AB,2,AB,B.D30A,-0.055,2.000766516,10
4YFD_AB,2,AB,A.R196A,0.158999994,0.689658463,10
4YFD_AB,2,AB,A.R75A,0.284999996,0.638038635,10
4YFD_AB,2,AB,B.W27A,1.133000016,1.172254443,10
4YFD_AB,2,AB,A.E286A,1.217000008,1.525514007,10
4YFD_AB,2,AB,B.K94A,1.475000024,1.419623137,10
4YH7_AB,2,AB,A.Y273A,1.034999967,1.187247038,10
4YH7_AB,2,AB,A.R196A,1.437999964,0.792787254,10
4YH7_AB,2,AB,B.D292A,1.590999961,0.78311944,10
4YH7_AB,2,AB,B.D37A,1.643000007,2.156729698,10
4YH7_AB,2,AB,A.R75A,1.733999968,1.779825568,10
4ZS6_ABCDHL,3,AHL,A.Y540A,-0.109999999,2.144384146,10
4ZS6_ABCDHL,3,AHL,A.E536A,3.039999962,1.844040275,10
5C6T_AHL,3,AHL,H.S32A,-0.869000018,0.923450291,10
5C6T_AHL,3,AHL,A.N286A,-0.367000014,0.232933283,10
5C6T_AHL,3,AHL,L.R51A,0.123000003,0.557920277,10
5C6T_AHL,3,AHL,A.N281A,0.284000009,1.181501746,10
5C6T_AHL,3,AHL,H.R31S,0.312000006,1.137075782,10
5C6T_AHL,3,AHL,A.T283A,0.338,0.53240484,10
5C6T_AHL,3,AHL,A.N284A,0.363000005,0.873795807,10
5C6T_AHL,3,AHL,H.Y109A,0.363000005,1.003065705,10
5C6T_AHL,3,AHL,A.F298A,0.411000013,2.58164525,10
5C6T_AHL,3,AHL,L.Y50A,0.551999986,0.651050925,10
5C6T_AHL,3,AHL,A.I299A,0.885999978,0.55261749,10
5C6T_AHL,3,AHL,A.E292A,1.090999961,0.555870771,10
5C6T_AHL,3,AHL,H.F104A,1.460999966,-0.041257419,10
5C6T_AHL,3,AHL,H.N102A,1.52699995,1.702255726,10
5C6T_AHL,3,AHL,H.Y103A,1.717000008,1.213090539,10
5C6T_AHL,3,AHL,A.F290A,1.998000026,1.612492323,10
5C6T_AHL,3,AHL,A.F297A,2.759000063,0.837212205,10
5C6T_AHL,3,AHL,A.Y280A,3.210000038,3.258993149,10
5CXB_AB,2,AB,B.T484Q,0.061999999,0.661910653,10
5CXB_AB,2,AB,B.E481D,0.36500001,-0.192580596,10
5CXB_AB,2,AB,B.V488W,0.56400001,1.966742992,10
5CXB_AB,2,AB,B.R486A,0.56400001,0.373956054,10
5CXB_AB,2,AB,B.R486E,2.680000067,1.119581103,10
5CYK_AB,2,AB,B.E486R,-2.680000067,-0.548028529,10
5CYK_AB,2,AB,B.E486A,-2.115999937,0.460489571,10
5E6P_AB,2,AB,B.I66A,0.277999997,1.453174829,10
5E6P_AB,2,AB,A.Y1806A,0.363999993,5.432216167,10
5E6P_AB,2,AB,B.R88A,0.68900001,0.805977881,10
5E6P_AB,2,AB,B.L68A,0.92900002,3.212349415,10
5E6P_AB,2,AB,A.A1832E,1.118000031,0.348777354,10
5E6P_AB,2,AB,A.A1833E,1.603999972,0.713497043,10
5E6P_AB,2,AB,B.R88E,1.774999976,2.683811665,10
5E9D_ABCDEFGHIJ,5,ABCDE,E.A99Y,-0.899999976,0.730978727,10
5E9D_ABCDEFGHIJ,5,ABCDE,D.T91Q,-0.574000001,0.381975025,10
5E9D_ABCDEFGHIJ,5,ABCDE,D.G28E,-0.479000002,0.393868327,10
5E9D_ABCDEFGHIJ,5,ABCDE,E.V50D,-0.432999998,0.909964859,10
5E9D_ABCDEFGHIJ,5,ABCDE,D.Y50W,-0.349000007,0.886620522,10
5E9D_ABCDEFGHIJ,5,ABCDE,D.S51G,-0.035999998,0.418302983,10
5E9D_ABCDEFGHIJ,5,ABCDE,D.K97Q,0.187000006,0.509333551,10
5E9D_ABCDEFGHIJ,5,ABCDE,E.N28G,0.275000006,0.711539984,10
5F4E_AB,2,AB,A.Q130A,-0.030999999,1.459936261,10
5F4E_AB,2,AB,A.D72A,0.109999999,0.890340567,10
5F4E_AB,2,AB,A.E71A,0.287999988,0.485668898,10
5F4E_AB,2,AB,B.K163A,0.294999987,0.761106968,10
5F4E_AB,2,AB,A.E71K,0.416000009,0.508246839,10
5F4E_AB,2,AB,B.K163E,0.486000001,0.936332703,10
5F4E_AB,2,AB,B.W62A,1.072999954,1.571872592,10
5F4E_AB,2,AB,B.E45A,1.449000001,1.232861638,10
5F4E_AB,2,AB,A.R160A,1.49000001,2.282186985,10
5F4E_AB,2,AB,A.H157A,2.025000095,0.79400152,10
5F4E_AB,2,AB,A.R160E,2.144000053,1.789382696,10
5F4E_AB,2,AB,B.E45K,2.286999941,1.288419485,10
5F4E_AB,2,AB,B.L81A,2.984999895,1.769971848,10
5K39_AB,2,AB,B.M114A,-0.477999985,0.24597396,10
5K39_AB,2,AB,B.M118A,-0.232999995,-0.252378911,10
5K39_AB,2,AB,B.S121A,0.449999988,1.010290384,10
5K39_AB,2,AB,B.I154A,2.052999973,0.034405917,10
5K39_AB,2,AB,B.F148A,2.717999935,1.198745251,10
5M2O_AB,2,AB,A.K77A,-0.757000029,1.085730553,10
5M2O_AB,2,AB,B.Q83A,-0.158000007,2.017794847,10
5M2O_AB,2,AB,A.N68A,0.041999999,1.314607859,10
5M2O_AB,2,AB,B.S40A,0.046999998,1.589666963,10
5M2O_AB,2,AB,A.N75A,0.155000001,1.968162775,10
5M2O_AB,2,AB,A.N124A,0.449999988,2.015867949,10
5M2O_AB,2,AB,A.E84A,0.699999988,0.592999935,10
5M2O_AB,2,AB,B.L87A,0.851000011,0.7509408,10
5M2O_AB,2,AB,A.H121A,0.883000016,0.527213633,10
5M2O_AB,2,AB,B.K54A,1.06400001,1.428350091,10
5M2O_AB,2,AB,B.Q47A,1.144999981,3.001821756,10
5M2O_AB,2,AB,A.L79A,1.626999974,0.916126668,10
5M2O_AB,2,AB,B.I39A,2.026000023,1.444177032,10
5M2O_AB,2,AB,B.V43A,2.444000006,1.508819699,10
5TAR_AB,2,AB,B.M20A,-0.215000004,0.540875554,10
5TAR_AB,2,AB,B.I129A,-0.026000001,0.774526179,10
5TAR_AB,2,AB,B.Q116A,0.157000005,1.902704239,10
5TAR_AB,2,AB,B.F15A,0.231999993,0.850218594,10
5TAR_AB,2,AB,B.F133A,0.248999998,0.92029655,10
5TAR_AB,2,AB,B.W90A,0.384000003,0.295543551,10
5TAR_AB,2,AB,B.W32A,0.658999979,0.446731597,10
5TAR_AB,2,AB,B.E88A,1.126999974,-0.193284139,10
5UFE_AB,2,AB,A.G12D,-1.220999956,0.515879929,10
5UFE_AB,2,AB,A.G12V,-0.727999985,0.649969816,10
5UFE_AB,2,AB,A.G12C,-0.395999998,0.677169919,10
5UFE_AB,2,AB,B.Q27R,0.291999996,-0.876719952,10
5UFQ_ABCD,2,AC,A.D12V,0.651000023,1.523303628,10
5UFQ_ABCD,2,AC,A.D12C,0.981999993,0.332106918,10
5UFQ_ABCD,2,AC,A.D12G,1.220999956,0.703273237,10
5XCO_AB,2,AB,B.V14A,0,3.592385292,10
5XCO_AB,2,AB,B.P13A,0.63499999,0.823088765,10
5XCO_AB,2,AB,A.D12C,0.81099999,0.998862922,10
5XCO_AB,2,AB,B.P6A,1.078999996,0.704355538,10
5XCO_AB,2,AB,A.D12G,1.110000014,0.107804023,10
5XCO_AB,2,AB,B.S10A,1.286000013,1.397785783,10
5XCO_AB,2,AB,B.Y8A,1.363999963,3.057792902,10
5XCO_AB,2,AB,B.Y11A,1.899999976,3.581633329,10
5XCO_AB,2,AB,B.L7A,2.747999907,2.477671146,10
5XCO_AB,2,AB,B.I9A,2.796999931,2.265254736,10
5XCO_AB,2,AB,B.D12A,2.796999931,1.221190333,10
